2024-07-09T19:57:45.583+07:00Z&{"id": "c1151e2a","data": "ht120;v|76,27,28,38,46,0.00,"};
2024-07-09T19:57:45.607+07:00Z&{"id": "c1151e2a","data": "ht120;v|76,27,28,38,46,0.00,"};&{"id": "c1151e2a","data": "ht120v|76,27,28,38,46,0.00,"}
2024-07-09T19:58:17.069+07:00Z&{"id": "c1151e2a","data": "ht120;v|77,26,27,37,45,0.00,"};
2024-07-09T19:58:17.081+07:00Z&{"id": "c1151e2a","data": "ht120;v|77,26,27,37,45,0.00,"};&{"id": "c1151e2a","data": "ht120v|77,26,27,37,45,0.00,"}
2024-07-09T19:59:08.451+07:00Z&{"id": "c1151e2a","data": "ht120;v|77,26,27,36,43,0.00,"};
2024-07-09T19:59:08.469+07:00Z&{"id": "c1151e2a","data": "ht120;v|77,26,27,36,43,0.00,"};&{"id": "c1151e2a","data": "ht120v|77,26,27,36,43,0.00,"}
2024-07-09T20:00:30.889+07:00Z&{"id": "c1151e2a","data": "ht120;v|77,26,25,34,41,0.00,"};
2024-07-09T20:00:30.901+07:00Z&{"id": "c1151e2a","data": "ht120;v|77,26,25,34,41,0.00,"};&{"id": "c1151e2a","data": "ht120v|77,26,25,34,41,0.00,"}
2024-07-09T20:01:13.356+07:00Z&{"id": "c1151e2a","data": "ht120;v|77,26,28,36,45,0.20,"};
2024-07-09T20:01:13.368+07:00Z&{"id": "c1151e2a","data": "ht120;v|77,26,28,36,45,0.20,"};&{"id": "c1151e2a","data": "ht120v|77,26,28,36,45,0.20,"}
2024-07-09T20:06:18.821+07:00Z&2203;v|78,26,28,36,45,0.00,"};
2024-07-09T20:06:18.831+07:00Z&2203;v|78,26,28,36,45,0.00,"};&{"id": "c1151e2a","data": "ht120v|78,26,28,36,45,0.00,"}
2024-07-09T20:11:24.280+07:00Z&2203;v|78,26,0,0,0,0.00,"};
2024-07-09T20:11:24.294+07:00Z&2203;v|78,26,0,0,0,0.00,"};&{"id": "c1151e2a","data": "ht120v|78,26,0,0,0,0.00,"}
2024-07-09T20:16:29.713+07:00Z&2203;v|79,26,22,30,38,0.00,"};
2024-07-09T20:16:29.730+07:00Z&2203;v|79,26,22,30,38,0.00,"};&{"id": "c1151e2a","data": "ht120v|79,26,22,30,38,0.00,"}
2024-07-09T20:21:35.198+07:00Z&2203;v|79,26,26,34,43,0.00,"};
2024-07-09T20:21:35.208+07:00Z&2203;v|79,26,26,34,43,0.00,"};&{"id": "c1151e2a","data": "ht120v|79,26,26,34,43,0.00,"}
2024-07-09T20:26:40.709+07:00Z&2203;v|79,25,0,0,0,0.00,"};
2024-07-09T20:26:40.721+07:00Z&2203;v|79,25,0,0,0,0.00,"};&{"id": "c1151e2a","data": "ht120v|79,25,0,0,0,0.00,"}
2024-07-09T20:31:46.210+07:00Z&2203;v|79,25,23,30,40,0.29,"};
2024-07-09T20:31:46.218+07:00Z&2203;v|79,25,23,30,40,0.29,"};&{"id": "c1151e2a","data": "ht120v|79,25,23,30,40,0.29,"}
2024-07-09T20:36:51.725+07:00Z&2203;v|80,25,20,27,32,0.13,"};
2024-07-09T20:36:51.734+07:00Z&2203;v|80,25,20,27,32,0.13,"};&{"id": "c1151e2a","data": "ht120v|80,25,20,27,32,0.13,"}
2024-07-09T20:41:57.221+07:00Z&2203;v|80,25,0,0,0,0.00,"};
2024-07-09T20:41:57.231+07:00Z&2203;v|80,25,0,0,0,0.00,"};&{"id": "c1151e2a","data": "ht120v|80,25,0,0,0,0.00,"}
2024-07-09T20:47:02.741+07:00Z&2203;v|80,25,15,20,24,0.09,"};
2024-07-09T20:47:02.758+07:00Z&2203;v|80,25,15,20,24,0.09,"};&{"id": "c1151e2a","data": "ht120v|80,25,15,20,24,0.09,"}
2024-07-09T20:52:08.277+07:00Z&2203;v|81,25,19,26,30,0.00,"};
2024-07-09T20:52:08.317+07:00Z&2203;v|81,25,19,26,30,0.00,"};&{"id": "c1151e2a","data": "ht120v|81,25,19,26,30,0.00,"}
2024-07-09T20:57:13.771+07:00Z&2203;v|81,25,0,0,0,0.22,"};
2024-07-09T20:57:13.781+07:00Z&2203;v|81,25,0,0,0,0.22,"};&{"id": "c1151e2a","data": "ht120v|81,25,0,0,0,0.22,"}
2024-07-09T21:02:19.338+07:00Z&2203;v|82,25,17,22,27,0.00,"};
2024-07-09T21:02:19.351+07:00Z&2203;v|82,25,17,22,27,0.00,"};&{"id": "c1151e2a","data": "ht120v|82,25,17,22,27,0.00,"}
2024-07-09T21:07:24.880+07:00Z&2203;v|82,25,16,23,28,0.00,"};
2024-07-09T21:07:24.893+07:00Z&2203;v|82,25,16,23,28,0.00,"};&{"id": "c1151e2a","data": "ht120v|82,25,16,23,28,0.00,"}
2024-07-09T21:12:30.391+07:00Z&2203;v|82,25,0,0,0,0.00,"};
2024-07-09T21:12:30.414+07:00Z&2203;v|82,25,0,0,0,0.00,"};&{"id": "c1151e2a","data": "ht120v|82,25,0,0,0,0.00,"}
2024-07-09T21:17:35.900+07:00Z&2203;v|82,25,15,21,25,0.00,"};
2024-07-09T21:17:35.912+07:00Z&2203;v|82,25,15,21,25,0.00,"};&{"id": "c1151e2a","data": "ht120v|82,25,15,21,25,0.00,"}
2024-07-09T21:22:41.402+07:00Z&2203;v|82,25,20,27,32,0.00,"};
2024-07-09T21:22:41.411+07:00Z&2203;v|82,25,20,27,32,0.00,"};&{"id": "c1151e2a","data": "ht120v|82,25,20,27,32,0.00,"}
2024-07-09T21:27:46.903+07:00Z&2203;v|83,25,0,0,0,0.00,"};
2024-07-09T21:27:46.920+07:00Z&2203;v|83,25,0,0,0,0.00,"};&{"id": "c1151e2a","data": "ht120v|83,25,0,0,0,0.00,"}
2024-07-09T21:32:52.427+07:00Z&2203;v|83,25,20,26,33,0.00,"};
2024-07-09T21:32:52.438+07:00Z&2203;v|83,25,20,26,33,0.00,"};&{"id": "c1151e2a","data": "ht120v|83,25,20,26,33,0.00,"}
2024-07-09T21:37:57.950+07:00Z&2203;v|83,25,20,26,34,0.00,"};
2024-07-09T21:37:57.960+07:00Z&2203;v|83,25,20,26,34,0.00,"};&{"id": "c1151e2a","data": "ht120v|83,25,20,26,34,0.00,"}
2024-07-09T21:43:03.455+07:00Z&2203;v|83,25,0,0,0,0.00,"};
2024-07-09T21:43:03.470+07:00Z&2203;v|83,25,0,0,0,0.00,"};&{"id": "c1151e2a","data": "ht120v|83,25,0,0,0,0.00,"}
2024-07-09T21:48:08.973+07:00Z&2203;v|83,25,21,28,35,0.00,"};
2024-07-09T21:48:08.984+07:00Z&2203;v|83,25,21,28,35,0.00,"};&{"id": "c1151e2a","data": "ht120v|83,25,21,28,35,0.00,"}
2024-07-09T21:53:14.460+07:00Z&2203;v|83,25,21,28,36,0.00,"};
2024-07-09T21:53:14.477+07:00Z&2203;v|83,25,21,28,36,0.00,"};&{"id": "c1151e2a","data": "ht120v|83,25,21,28,36,0.00,"}
2024-07-09T21:58:19.943+07:00Z&2203;v|83,25,0,0,0,0.00,"};
2024-07-09T21:58:19.952+07:00Z&2203;v|83,25,0,0,0,0.00,"};&{"id": "c1151e2a","data": "ht120v|83,25,0,0,0,0.00,"}
2024-07-09T22:03:25.458+07:00Z&2203;v|84,25,23,30,38,0.00,"};
2024-07-09T22:03:25.468+07:00Z&2203;v|84,25,23,30,38,0.00,"};&{"id": "c1151e2a","data": "ht120v|84,25,23,30,38,0.00,"}
2024-07-09T22:08:30.959+07:00Z&2203;v|84,25,0,0,0,0.00,"};
2024-07-09T22:08:30.970+07:00Z&2203;v|84,25,0,0,0,0.00,"};&{"id": "c1151e2a","data": "ht120v|84,25,0,0,0,0.00,"}
2024-07-09T22:13:36.469+07:00Z&2203;v|84,24,18,25,31,0.00,"};
2024-07-09T22:13:36.481+07:00Z&2203;v|84,24,18,25,31,0.00,"};&{"id": "c1151e2a","data": "ht120v|84,24,18,25,31,0.00,"}
2024-07-09T22:18:41.975+07:00Z&2203;v|84,25,18,24,30,0.00,"};
2024-07-09T22:18:41.990+07:00Z&2203;v|84,25,18,24,30,0.00,"};&{"id": "c1151e2a","data": "ht120v|84,25,18,24,30,0.00,"}
2024-07-09T22:23:47.479+07:00Z&2203;v|84,25,0,0,0,0.00,"};
2024-07-09T22:23:47.491+07:00Z&2203;v|84,25,0,0,0,0.00,"};&{"id": "c1151e2a","data": "ht120v|84,25,0,0,0,0.00,"}
2024-07-09T22:28:52.989+07:00Z&2203;v|85,24,18,24,32,0.00,"};
2024-07-09T22:28:52.999+07:00Z&2203;v|85,24,18,24,32,0.00,"};&{"id": "c1151e2a","data": "ht120v|85,24,18,24,32,0.00,"}
2024-07-09T22:33:58.497+07:00Z&2203;v|85,24,18,25,31,0.00,"};
2024-07-09T22:33:58.510+07:00Z&2203;v|85,24,18,25,31,0.00,"};&{"id": "c1151e2a","data": "ht120v|85,24,18,25,31,0.00,"}
2024-07-09T22:39:03.994+07:00Z&2203;v|85,24,0,0,0,0.00,"};
2024-07-09T22:39:04.024+07:00Z&2203;v|85,24,0,0,0,0.00,"};&{"id": "c1151e2a","data": "ht120v|85,24,0,0,0,0.00,"}
2024-07-09T22:44:09.515+07:00Z&2203;v|86,24,18,24,29,0.00,"};
2024-07-09T22:44:09.525+07:00Z&2203;v|86,24,18,24,29,0.00,"};&{"id": "c1151e2a","data": "ht120v|86,24,18,24,29,0.00,"}
2024-07-09T22:49:15.032+07:00Z&2203;v|87,24,18,25,31,0.00,"};
2024-07-09T22:49:15.043+07:00Z&2203;v|87,24,18,25,31,0.00,"};&{"id": "c1151e2a","data": "ht120v|87,24,18,25,31,0.00,"}
2024-07-09T22:54:20.516+07:00Z&2203;v|86,24,0,0,0,0.00,"};
2024-07-09T22:54:20.525+07:00Z&2203;v|86,24,0,0,0,0.00,"};&{"id": "c1151e2a","data": "ht120v|86,24,0,0,0,0.00,"}
2024-07-09T22:59:26.029+07:00Z&2203;v|85,24,31,42,49,0.00,"};
2024-07-09T22:59:26.038+07:00Z&2203;v|85,24,31,42,49,0.00,"};&{"id": "c1151e2a","data": "ht120v|85,24,31,42,49,0.00,"}
2024-07-09T23:04:31.530+07:00Z&2203;v|85,24,29,40,47,0.00,"};
2024-07-09T23:04:31.539+07:00Z&2203;v|85,24,29,40,47,0.00,"};&{"id": "c1151e2a","data": "ht120v|85,24,29,40,47,0.00,"}
2024-07-09T23:09:37.033+07:00Z&2203;v|86,24,0,0,0,0.00,"};
2024-07-09T23:09:37.045+07:00Z&2203;v|86,24,0,0,0,0.00,"};&{"id": "c1151e2a","data": "ht120v|86,24,0,0,0,0.00,"}
2024-07-09T23:14:42.557+07:00Z&2203;v|86,24,23,30,37,0.00,"};
2024-07-09T23:14:42.573+07:00Z&2203;v|86,24,23,30,37,0.00,"};&{"id": "c1151e2a","data": "ht120v|86,24,23,30,37,0.00,"}
2024-07-09T23:19:48.060+07:00Z&2203;v|86,24,24,32,39,0.00,"};
2024-07-09T23:19:48.071+07:00Z&2203;v|86,24,24,32,39,0.00,"};&{"id": "c1151e2a","data": "ht120v|86,24,24,32,39,0.00,"}
2024-07-09T23:24:53.561+07:00Z&2203;v|86,24,0,0,0,0.00,"};
2024-07-09T23:24:53.573+07:00Z&2203;v|86,24,0,0,0,0.00,"};&{"id": "c1151e2a","data": "ht120v|86,24,0,0,0,0.00,"}
2024-07-09T23:29:59.080+07:00Z&2203;v|86,24,28,38,45,0.00,"};
2024-07-09T23:29:59.138+07:00Z&2203;v|86,24,28,38,45,0.00,"};&{"id": "c1151e2a","data": "ht120v|86,24,28,38,45,0.00,"}
2024-07-09T23:35:04.617+07:00Z&2203;v|86,24,52,68,89,0.00,"};
2024-07-09T23:35:04.646+07:00Z&2203;v|86,24,52,68,89,0.00,"};&{"id": "c1151e2a","data": "ht120v|86,24,52,68,89,0.00,"}
2024-07-09T23:40:10.100+07:00Z&2203;v|86,24,0,0,0,0.00,"};
2024-07-09T23:40:10.118+07:00Z&2203;v|86,24,0,0,0,0.00,"};&{"id": "c1151e2a","data": "ht120v|86,24,0,0,0,0.00,"}
2024-07-09T23:45:15.609+07:00Z&2203;v|86,24,23,33,39,0.00,"};
2024-07-09T23:45:15.622+07:00Z&2203;v|86,24,23,33,39,0.00,"};&{"id": "c1151e2a","data": "ht120v|86,24,23,33,39,0.00,"}
2024-07-09T23:50:21.115+07:00Z&2203;v|87,24,24,33,38,0.00,"};
2024-07-09T23:50:21.131+07:00Z&2203;v|87,24,24,33,38,0.00,"};&{"id": "c1151e2a","data": "ht120v|87,24,24,33,38,0.00,"}
2024-07-09T23:55:26.618+07:00Z&2203;v|86,24,0,0,0,0.00,"};
2024-07-09T23:55:26.640+07:00Z&2203;v|86,24,0,0,0,0.00,"};&{"id": "c1151e2a","data": "ht120v|86,24,0,0,0,0.00,"}
2024-07-10T00:00:32.154+07:00Z&2203;v|87,24,26,36,43,0.00,"};
2024-07-10T00:00:32.182+07:00Z&2203;v|87,24,26,36,43,0.00,"};&{"id": "c1151e2a","data": "ht120v|87,24,26,36,43,0.00,"}
2024-07-10T00:05:37.644+07:00Z&2203;v|86,24,25,35,39,0.00,"};
2024-07-10T00:05:37.655+07:00Z&2203;v|86,24,25,35,39,0.00,"};&{"id": "c1151e2a","data": "ht120v|86,24,25,35,39,0.00,"}
2024-07-10T00:10:43.142+07:00Z&2203;v|86,24,0,0,0,0.00,"};
2024-07-10T00:10:43.153+07:00Z&2203;v|86,24,0,0,0,0.00,"};&{"id": "c1151e2a","data": "ht120v|86,24,0,0,0,0.00,"}
2024-07-10T00:15:48.649+07:00Z&2203;v|86,24,26,37,46,0.00,"};
2024-07-10T00:15:48.663+07:00Z&2203;v|86,24,26,37,46,0.00,"};&{"id": "c1151e2a","data": "ht120v|86,24,26,37,46,0.00,"}
2024-07-10T00:20:54.172+07:00Z&2203;v|87,24,27,36,42,0.00,"};
2024-07-10T00:20:54.214+07:00Z&2203;v|87,24,27,36,42,0.00,"};&{"id": "c1151e2a","data": "ht120v|87,24,27,36,42,0.00,"}
2024-07-10T00:25:59.660+07:00Z&2203;v|88,24,0,0,0,0.00,"};
2024-07-10T00:25:59.675+07:00Z&2203;v|88,24,0,0,0,0.00,"};&{"id": "c1151e2a","data": "ht120v|88,24,0,0,0,0.00,"}
2024-07-10T00:31:05.202+07:00Z&2203;v|87,24,36,47,58,0.00,"};
2024-07-10T00:31:05.227+07:00Z&2203;v|87,24,36,47,58,0.00,"};&{"id": "c1151e2a","data": "ht120v|87,24,36,47,58,0.00,"}
2024-07-10T00:36:10.721+07:00Z&2203;v|87,24,30,41,49,0.00,"};
2024-07-10T00:36:10.746+07:00Z&2203;v|87,24,30,41,49,0.00,"};&{"id": "c1151e2a","data": "ht120v|87,24,30,41,49,0.00,"}
2024-07-10T00:41:16.183+07:00Z&2203;v|87,24,0,0,0,0.00,"};
2024-07-10T00:41:16.195+07:00Z&2203;v|87,24,0,0,0,0.00,"};&{"id": "c1151e2a","data": "ht120v|87,24,0,0,0,0.00,"}
2024-07-10T00:46:21.700+07:00Z&2203;v|87,24,27,36,42,0.00,"};
2024-07-10T00:46:21.720+07:00Z&2203;v|87,24,27,36,42,0.00,"};&{"id": "c1151e2a","data": "ht120v|87,24,27,36,42,0.00,"}
2024-07-10T00:51:27.219+07:00Z&2203;v|87,24,26,34,44,0.00,"};
2024-07-10T00:51:27.240+07:00Z&2203;v|87,24,26,34,44,0.00,"};&{"id": "c1151e2a","data": "ht120v|87,24,26,34,44,0.00,"}
2024-07-10T00:56:32.708+07:00Z&2203;v|89,24,0,0,0,0.00,"};
2024-07-10T00:56:32.729+07:00Z&2203;v|89,24,0,0,0,0.00,"};&{"id": "c1151e2a","data": "ht120v|89,24,0,0,0,0.00,"}
2024-07-10T01:01:38.216+07:00Z&2203;v|88,24,29,39,47,0.00,"};
2024-07-10T01:01:38.226+07:00Z&2203;v|88,24,29,39,47,0.00,"};&{"id": "c1151e2a","data": "ht120v|88,24,29,39,47,0.00,"}
2024-07-10T01:06:43.737+07:00Z&2203;v|89,24,28,38,46,0.00,"};
2024-07-10T01:06:43.750+07:00Z&2203;v|89,24,28,38,46,0.00,"};&{"id": "c1151e2a","data": "ht120v|89,24,28,38,46,0.00,"}
2024-07-10T01:11:49.221+07:00Z&2203;v|89,23,0,0,0,0.00,"};
2024-07-10T01:11:49.231+07:00Z&2203;v|89,23,0,0,0,0.00,"};&{"id": "c1151e2a","data": "ht120v|89,23,0,0,0,0.00,"}
2024-07-10T01:16:54.747+07:00Z&2203;v|89,23,29,39,47,0.00,"};
2024-07-10T01:16:54.756+07:00Z&2203;v|89,23,29,39,47,0.00,"};&{"id": "c1151e2a","data": "ht120v|89,23,29,39,47,0.00,"}
2024-07-10T01:22:00.251+07:00Z&2203;v|89,23,28,37,43,0.00,"};
2024-07-10T01:22:00.264+07:00Z&2203;v|89,23,28,37,43,0.00,"};&{"id": "c1151e2a","data": "ht120v|89,23,28,37,43,0.00,"}
2024-07-10T01:27:05.739+07:00Z&2203;v|89,23,0,0,0,0.00,"};
2024-07-10T01:27:05.751+07:00Z&2203;v|89,23,0,0,0,0.00,"};&{"id": "c1151e2a","data": "ht120v|89,23,0,0,0,0.00,"}
2024-07-10T01:32:11.257+07:00Z&2203;v|89,23,27,37,47,0.00,"};
2024-07-10T01:32:11.281+07:00Z&2203;v|89,23,27,37,47,0.00,"};&{"id": "c1151e2a","data": "ht120v|89,23,27,37,47,0.00,"}
2024-07-10T01:37:16.772+07:00Z&2203;v|90,23,27,37,44,0.00,"};
2024-07-10T01:37:16.786+07:00Z&2203;v|90,23,27,37,44,0.00,"};&{"id": "c1151e2a","data": "ht120v|90,23,27,37,44,0.00,"}
2024-07-10T01:42:22.265+07:00Z&2203;v|89,24,0,0,0,0.00,"};
2024-07-10T01:42:22.278+07:00Z&2203;v|89,24,0,0,0,0.00,"};&{"id": "c1151e2a","data": "ht120v|89,24,0,0,0,0.00,"}
2024-07-10T01:47:27.778+07:00Z&2203;v|90,23,29,39,48,0.00,"};
2024-07-10T01:47:27.793+07:00Z&2203;v|90,23,29,39,48,0.00,"};&{"id": "c1151e2a","data": "ht120v|90,23,29,39,48,0.00,"}
2024-07-10T01:52:33.281+07:00Z&2203;v|90,23,27,37,44,0.00,"};
2024-07-10T01:52:33.299+07:00Z&2203;v|90,23,27,37,44,0.00,"};&{"id": "c1151e2a","data": "ht120v|90,23,27,37,44,0.00,"}
2024-07-10T01:57:38.791+07:00Z&2203;v|90,23,0,0,0,0.00,"};
2024-07-10T01:57:38.803+07:00Z&2203;v|90,23,0,0,0,0.00,"};&{"id": "c1151e2a","data": "ht120v|90,23,0,0,0,0.00,"}
2024-07-10T02:02:44.307+07:00Z&2203;v|90,23,29,39,46,0.00,"};
2024-07-10T02:02:44.318+07:00Z&2203;v|90,23,29,39,46,0.00,"};&{"id": "c1151e2a","data": "ht120v|90,23,29,39,46,0.00,"}
2024-07-10T02:07:49.816+07:00Z&2203;v|89,23,29,38,44,0.00,"};
2024-07-10T02:07:49.827+07:00Z&2203;v|89,23,29,38,44,0.00,"};&{"id": "c1151e2a","data": "ht120v|89,23,29,38,44,0.00,"}
2024-07-10T02:12:55.324+07:00Z&2203;v|89,24,0,0,0,0.00,"};
2024-07-10T02:12:55.336+07:00Z&2203;v|89,24,0,0,0,0.00,"};&{"id": "c1151e2a","data": "ht120v|89,24,0,0,0,0.00,"}
2024-07-10T02:18:00.823+07:00Z&2203;v|89,23,30,40,47,0.00,"};
2024-07-10T02:18:00.839+07:00Z&2203;v|89,23,30,40,47,0.00,"};&{"id": "c1151e2a","data": "ht120v|89,23,30,40,47,0.00,"}
2024-07-10T02:23:06.344+07:00Z&2203;v|90,23,29,39,47,0.00,"};
2024-07-10T02:23:06.369+07:00Z&2203;v|90,23,29,39,47,0.00,"};&{"id": "c1151e2a","data": "ht120v|90,23,29,39,47,0.00,"}
2024-07-10T02:28:11.827+07:00Z&2203;v|90,23,0,0,0,0.00,"};
2024-07-10T02:28:11.837+07:00Z&2203;v|90,23,0,0,0,0.00,"};&{"id": "c1151e2a","data": "ht120v|90,23,0,0,0,0.00,"}
2024-07-10T02:33:17.350+07:00Z&2203;v|90,23,28,38,47,0.00,"};
2024-07-10T02:33:17.377+07:00Z&2203;v|90,23,28,38,47,0.00,"};&{"id": "c1151e2a","data": "ht120v|90,23,28,38,47,0.00,"}
2024-07-10T02:38:22.851+07:00Z&2203;v|91,23,26,34,41,0.00,"};
2024-07-10T02:38:22.878+07:00Z&2203;v|91,23,26,34,41,0.00,"};&{"id": "c1151e2a","data": "ht120v|91,23,26,34,41,0.00,"}
2024-07-10T02:43:28.353+07:00Z&2203;v|91,23,0,0,0,0.00,"};
2024-07-10T02:43:28.362+07:00Z&2203;v|91,23,0,0,0,0.00,"};&{"id": "c1151e2a","data": "ht120v|91,23,0,0,0,0.00,"}
2024-07-10T02:48:33.855+07:00Z&2203;v|90,23,28,38,44,0.00,"};
2024-07-10T02:48:33.873+07:00Z&2203;v|90,23,28,38,44,0.00,"};&{"id": "c1151e2a","data": "ht120v|90,23,28,38,44,0.00,"}
2024-07-10T02:53:39.378+07:00Z&2203;v|91,23,28,38,45,0.00,"};
2024-07-10T02:53:39.388+07:00Z&2203;v|91,23,28,38,45,0.00,"};&{"id": "c1151e2a","data": "ht120v|91,23,28,38,45,0.00,"}
2024-07-10T02:58:44.863+07:00Z&2203;v|90,23,0,0,0,0.00,"};
2024-07-10T02:58:44.873+07:00Z&2203;v|90,23,0,0,0,0.00,"};&{"id": "c1151e2a","data": "ht120v|90,23,0,0,0,0.00,"}
2024-07-10T03:03:50.376+07:00Z&2203;v|89,24,27,36,42,0.00,"};
2024-07-10T03:03:50.387+07:00Z&2203;v|89,24,27,36,42,0.00,"};&{"id": "c1151e2a","data": "ht120v|89,24,27,36,42,0.00,"}
2024-07-10T03:08:55.901+07:00Z&2203;v|90,23,27,36,42,0.00,"};
2024-07-10T03:08:55.914+07:00Z&2203;v|90,23,27,36,42,0.00,"};&{"id": "c1151e2a","data": "ht120v|90,23,27,36,42,0.00,"}
2024-07-10T03:14:01.392+07:00Z&2203;v|90,23,0,0,0,0.00,"};
2024-07-10T03:14:01.403+07:00Z&2203;v|90,23,0,0,0,0.00,"};&{"id": "c1151e2a","data": "ht120v|90,23,0,0,0,0.00,"}
2024-07-10T03:19:06.903+07:00Z&2203;v|90,23,26,35,41,0.00,"};
2024-07-10T03:19:06.915+07:00Z&2203;v|90,23,26,35,41,0.00,"};&{"id": "c1151e2a","data": "ht120v|90,23,26,35,41,0.00,"}
2024-07-10T03:24:12.400+07:00Z&2203;v|90,23,26,35,41,0.00,"};
2024-07-10T03:24:12.412+07:00Z&2203;v|90,23,26,35,41,0.00,"};&{"id": "c1151e2a","data": "ht120v|90,23,26,35,41,0.00,"}
2024-07-10T03:29:17.912+07:00Z&2203;v|90,23,0,0,0,0.00,"};
2024-07-10T03:29:17.923+07:00Z&2203;v|90,23,0,0,0,0.00,"};&{"id": "c1151e2a","data": "ht120v|90,23,0,0,0,0.00,"}
2024-07-10T03:34:23.411+07:00Z&2203;v|90,23,0,0,0,0.00,"};
2024-07-10T03:34:23.422+07:00Z&2203;v|90,23,0,0,0,0.00,"};&{"id": "c1151e2a","data": "ht120v|90,23,0,0,0,0.00,"}
2024-07-10T03:39:28.922+07:00Z&2203;v|91,23,30,42,48,0.00,"};
2024-07-10T03:39:28.933+07:00Z&2203;v|91,23,30,42,48,0.00,"};&{"id": "c1151e2a","data": "ht120v|91,23,30,42,48,0.00,"}
2024-07-10T03:44:34.426+07:00Z&2203;v|91,23,0,0,0,0.00,"};
2024-07-10T03:44:34.438+07:00Z&2203;v|91,23,0,0,0,0.00,"};&{"id": "c1151e2a","data": "ht120v|91,23,0,0,0,0.00,"}
2024-07-10T03:49:39.933+07:00Z&2203;v|90,23,0,0,0,0.00,"};
2024-07-10T03:49:39.947+07:00Z&2203;v|90,23,0,0,0,0.00,"};&{"id": "c1151e2a","data": "ht120v|90,23,0,0,0,0.00,"}
2024-07-10T03:54:45.437+07:00Z&2203;v|91,23,26,35,40,0.00,"};
2024-07-10T03:54:45.449+07:00Z&2203;v|91,23,26,35,40,0.00,"};&{"id": "c1151e2a","data": "ht120v|91,23,26,35,40,0.00,"}
2024-07-10T03:59:50.924+07:00Z&2203;v|90,23,0,0,0,0.00,"};
2024-07-10T03:59:50.939+07:00Z&2203;v|90,23,0,0,0,0.00,"};&{"id": "c1151e2a","data": "ht120v|90,23,0,0,0,0.00,"}
2024-07-10T04:04:56.440+07:00Z&2203;v|90,23,0,0,0,0.00,"};
2024-07-10T04:04:56.450+07:00Z&2203;v|90,23,0,0,0,0.00,"};&{"id": "c1151e2a","data": "ht120v|90,23,0,0,0,0.00,"}
2024-07-10T04:10:01.948+07:00Z&2203;v|90,23,27,37,46,0.00,"};
2024-07-10T04:10:01.981+07:00Z&2203;v|90,23,27,37,46,0.00,"};&{"id": "c1151e2a","data": "ht120v|90,23,27,37,46,0.00,"}
2024-07-10T04:15:07.447+07:00Z&2203;v|90,23,0,0,0,0.00,"};
2024-07-10T04:15:07.456+07:00Z&2203;v|90,23,0,0,0,0.00,"};&{"id": "c1151e2a","data": "ht120v|90,23,0,0,0,0.00,"}
2024-07-10T04:20:12.948+07:00Z&2203;v|90,23,0,0,0,0.00,"};
2024-07-10T04:20:12.960+07:00Z&2203;v|90,23,0,0,0,0.00,"};&{"id": "c1151e2a","data": "ht120v|90,23,0,0,0,0.00,"}
2024-07-10T04:25:18.449+07:00Z&2203;v|90,23,28,38,45,0.00,"};
2024-07-10T04:25:18.464+07:00Z&2203;v|90,23,28,38,45,0.00,"};&{"id": "c1151e2a","data": "ht120v|90,23,28,38,45,0.00,"}
2024-07-10T04:30:23.950+07:00Z&2203;v|89,23,0,0,0,0.00,"};
2024-07-10T04:30:23.964+07:00Z&2203;v|89,23,0,0,0,0.00,"};&{"id": "c1151e2a","data": "ht120v|89,23,0,0,0,0.00,"}
2024-07-10T04:35:29.449+07:00Z&2203;v|89,24,0,0,0,0.00,"};
2024-07-10T04:35:29.464+07:00Z&2203;v|89,24,0,0,0,0.00,"};&{"id": "c1151e2a","data": "ht120v|89,24,0,0,0,0.00,"}
2024-07-10T04:40:34.965+07:00Z&2203;v|89,23,28,38,43,0.00,"};
2024-07-10T04:40:34.977+07:00Z&2203;v|89,23,28,38,43,0.00,"};&{"id": "c1151e2a","data": "ht120v|89,23,28,38,43,0.00,"}
2024-07-10T04:45:40.462+07:00Z&2203;v|89,23,0,0,0,0.00,"};
2024-07-10T04:45:40.470+07:00Z&2203;v|89,23,0,0,0,0.00,"};&{"id": "c1151e2a","data": "ht120v|89,23,0,0,0,0.00,"}
2024-07-10T04:50:45.975+07:00Z&2203;v|89,23,0,0,0,0.00,"};
2024-07-10T04:50:45.986+07:00Z&2203;v|89,23,0,0,0,0.00,"};&{"id": "c1151e2a","data": "ht120v|89,23,0,0,0,0.00,"}
2024-07-10T04:55:51.478+07:00Z&2203;v|89,23,26,34,43,0.00,"};
2024-07-10T04:55:51.487+07:00Z&2203;v|89,23,26,34,43,0.00,"};&{"id": "c1151e2a","data": "ht120v|89,23,26,34,43,0.00,"}
2024-07-10T05:00:56.963+07:00Z&2203;v|89,23,0,0,0,0.00,"};
2024-07-10T05:00:56.972+07:00Z&2203;v|89,23,0,0,0,0.00,"};&{"id": "c1151e2a","data": "ht120v|89,23,0,0,0,0.00,"}
2024-07-10T05:06:02.469+07:00Z&2203;v|90,23,0,0,0,0.00,"};
2024-07-10T05:06:02.478+07:00Z&2203;v|90,23,0,0,0,0.00,"};&{"id": "c1151e2a","data": "ht120v|90,23,0,0,0,0.00,"}
2024-07-10T05:11:07.989+07:00Z&2203;v|91,23,27,37,50,0.00,"};
2024-07-10T05:11:08.023+07:00Z&2203;v|91,23,27,37,50,0.00,"};&{"id": "c1151e2a","data": "ht120v|91,23,27,37,50,0.00,"}
2024-07-10T05:16:13.476+07:00Z&2203;v|91,23,0,0,0,0.00,"};
2024-07-10T05:16:13.492+07:00Z&2203;v|91,23,0,0,0,0.00,"};&{"id": "c1151e2a","data": "ht120v|91,23,0,0,0,0.00,"}
2024-07-10T05:21:18.992+07:00Z&2203;v|91,23,0,0,0,0.00,"};
2024-07-10T05:21:19.009+07:00Z&2203;v|91,23,0,0,0,0.00,"};&{"id": "c1151e2a","data": "ht120v|91,23,0,0,0,0.00,"}
2024-07-10T05:26:24.483+07:00Z&2203;v|90,23,26,35,41,0.00,"};
2024-07-10T05:26:24.497+07:00Z&2203;v|90,23,26,35,41,0.00,"};&{"id": "c1151e2a","data": "ht120v|90,23,26,35,41,0.00,"}
2024-07-10T05:31:29.998+07:00Z&2203;v|90,23,0,0,0,0.00,"};
2024-07-10T05:31:30.010+07:00Z&2203;v|90,23,0,0,0,0.00,"};&{"id": "c1151e2a","data": "ht120v|90,23,0,0,0,0.00,"}
2024-07-10T05:36:35.493+07:00Z&2203;v|91,23,0,0,0,0.00,"};
2024-07-10T05:36:35.504+07:00Z&2203;v|91,23,0,0,0,0.00,"};&{"id": "c1151e2a","data": "ht120v|91,23,0,0,0,0.00,"}
2024-07-10T05:41:40.994+07:00Z&2203;v|91,23,28,39,46,0.00,"};
2024-07-10T05:41:41.011+07:00Z&2203;v|91,23,28,39,46,0.00,"};&{"id": "c1151e2a","data": "ht120v|91,23,28,39,46,0.00,"}
2024-07-10T05:46:46.491+07:00Z&2203;v|91,23,0,0,0,0.00,"};
2024-07-10T05:46:46.503+07:00Z&2203;v|91,23,0,0,0,0.00,"};&{"id": "c1151e2a","data": "ht120v|91,23,0,0,0,0.00,"}
2024-07-10T05:51:51.991+07:00Z&2203;v|91,23,0,0,0,0.00,"};
2024-07-10T05:51:52.000+07:00Z&2203;v|91,23,0,0,0,0.00,"};&{"id": "c1151e2a","data": "ht120v|91,23,0,0,0,0.00,"}
2024-07-10T05:56:57.547+07:00Z&2203;v|91,23,40,53,64,0.00,"};
2024-07-10T05:56:57.571+07:00Z&2203;v|91,23,40,53,64,0.00,"};&{"id": "c1151e2a","data": "ht120v|91,23,40,53,64,0.00,"}
2024-07-10T06:02:02.996+07:00Z&2203;v|91,23,0,0,0,0.00,"};
2024-07-10T06:02:03.009+07:00Z&2203;v|91,23,0,0,0,0.00,"};&{"id": "c1151e2a","data": "ht120v|91,23,0,0,0,0.00,"}
2024-07-10T06:07:08.497+07:00Z&2203;v|91,23,0,0,0,0.00,"};
2024-07-10T06:07:08.510+07:00Z&2203;v|91,23,0,0,0,0.00,"};&{"id": "c1151e2a","data": "ht120v|91,23,0,0,0,0.00,"}
2024-07-10T06:12:13.992+07:00Z&2203;v|91,23,0,0,0,0.00,"};
2024-07-10T06:12:14.009+07:00Z&2203;v|91,23,0,0,0,0.00,"};&{"id": "c1151e2a","data": "ht120v|91,23,0,0,0,0.00,"}
2024-07-10T06:17:19.484+07:00Z&2203;v|90,22,0,0,0,0.00,"};
2024-07-10T06:17:19.498+07:00Z&2203;v|90,22,0,0,0,0.00,"};&{"id": "c1151e2a","data": "ht120v|90,22,0,0,0,0.00,"}
2024-07-10T06:22:25.001+07:00Z&2203;v|90,22,0,0,0,0.00,"};
2024-07-10T06:22:25.017+07:00Z&2203;v|90,22,0,0,0,0.00,"};&{"id": "c1151e2a","data": "ht120v|90,22,0,0,0,0.00,"}
2024-07-10T06:27:30.491+07:00Z&2203;v|90,22,0,0,0,0.00,"};
2024-07-10T06:27:30.506+07:00Z&2203;v|90,22,0,0,0,0.00,"};&{"id": "c1151e2a","data": "ht120v|90,22,0,0,0,0.00,"}
2024-07-10T06:32:35.986+07:00Z&2203;v|90,22,0,0,0,0.00,"};
2024-07-10T06:32:35.997+07:00Z&2203;v|90,22,0,0,0,0.00,"};&{"id": "c1151e2a","data": "ht120v|90,22,0,0,0,0.00,"}
2024-07-10T06:37:41.482+07:00Z&2203;v|90,22,0,0,0,0.00,"};
2024-07-10T06:37:41.494+07:00Z&2203;v|90,22,0,0,0,0.00,"};&{"id": "c1151e2a","data": "ht120v|90,22,0,0,0,0.00,"}
2024-07-10T06:42:46.986+07:00Z&2203;v|89,22,0,0,0,0.00,"};
2024-07-10T06:42:46.998+07:00Z&2203;v|89,22,0,0,0,0.00,"};&{"id": "c1151e2a","data": "ht120v|89,22,0,0,0,0.00,"}
2024-07-10T06:47:52.487+07:00Z&2203;v|90,23,0,0,0,0.00,"};
2024-07-10T06:47:52.501+07:00Z&2203;v|90,23,0,0,0,0.00,"};&{"id": "c1151e2a","data": "ht120v|90,23,0,0,0,0.00,"}
2024-07-10T06:52:57.990+07:00Z&2203;v|89,23,0,0,0,0.00,"};
2024-07-10T06:52:58.007+07:00Z&2203;v|89,23,0,0,0,0.00,"};&{"id": "c1151e2a","data": "ht120v|89,23,0,0,0,0.00,"}
2024-07-10T06:58:03.498+07:00Z&2203;v|89,22,0,0,0,0.00,"};
2024-07-10T06:58:03.512+07:00Z&2203;v|89,22,0,0,0,0.00,"};&{"id": "c1151e2a","data": "ht120v|89,22,0,0,0,0.00,"}
2024-07-10T07:03:09.067+07:00Z&2203;v|89,23,0,0,0,0.00,"};
2024-07-10T07:03:09.119+07:00Z&2203;v|89,23,0,0,0,0.00,"};&{"id": "c1151e2a","data": "ht120v|89,23,0,0,0,0.00,"}
2024-07-10T07:08:14.485+07:00Z&2203;v|89,23,0,0,0,0.00,"};
2024-07-10T07:08:14.501+07:00Z&2203;v|89,23,0,0,0,0.00,"};&{"id": "c1151e2a","data": "ht120v|89,23,0,0,0,0.00,"}
2024-07-10T07:13:20.000+07:00Z&2203;v|88,23,0,0,0,0.00,"};
2024-07-10T07:13:20.018+07:00Z&2203;v|88,23,0,0,0,0.00,"};&{"id": "c1151e2a","data": "ht120v|88,23,0,0,0,0.00,"}
2024-07-10T07:18:25.491+07:00Z&2203;v|88,23,0,0,0,0.00,"};
2024-07-10T07:18:25.502+07:00Z&2203;v|88,23,0,0,0,0.00,"};&{"id": "c1151e2a","data": "ht120v|88,23,0,0,0,0.00,"}
2024-07-10T07:23:30.980+07:00Z&2203;v|87,23,0,0,0,0.00,"};
2024-07-10T07:23:30.993+07:00Z&2203;v|87,23,0,0,0,0.00,"};&{"id": "c1151e2a","data": "ht120v|87,23,0,0,0,0.00,"}
2024-07-10T07:28:36.511+07:00Z&2203;v|86,23,0,0,0,0.00,"};
2024-07-10T07:28:36.524+07:00Z&2203;v|86,23,0,0,0,0.00,"};&{"id": "c1151e2a","data": "ht120v|86,23,0,0,0,0.00,"}
2024-07-10T07:33:41.985+07:00Z&2203;v|87,23,0,0,0,0.00,"};
2024-07-10T07:33:41.997+07:00Z&2203;v|87,23,0,0,0,0.00,"};&{"id": "c1151e2a","data": "ht120v|87,23,0,0,0,0.00,"}
2024-07-10T07:38:47.492+07:00Z&2203;v|87,23,0,0,0,0.00,"};
2024-07-10T07:38:47.504+07:00Z&2203;v|87,23,0,0,0,0.00,"};&{"id": "c1151e2a","data": "ht120v|87,23,0,0,0,0.00,"}
2024-07-10T07:43:52.996+07:00Z&2203;v|86,24,0,0,0,0.00,"};
2024-07-10T07:43:53.005+07:00Z&2203;v|86,24,0,0,0,0.00,"};&{"id": "c1151e2a","data": "ht120v|86,24,0,0,0,0.00,"}
2024-07-10T07:48:58.497+07:00Z&2203;v|85,24,0,0,0,0.00,"};
2024-07-10T07:48:58.507+07:00Z&2203;v|85,24,0,0,0,0.00,"};&{"id": "c1151e2a","data": "ht120v|85,24,0,0,0,0.00,"}
2024-07-10T07:54:04.022+07:00Z&2203;v|84,25,0,0,0,0.00,"};
2024-07-10T07:54:04.056+07:00Z&2203;v|84,25,0,0,0,0.00,"};&{"id": "c1151e2a","data": "ht120v|84,25,0,0,0,0.00,"}
2024-07-10T07:59:09.512+07:00Z&2203;v|83,25,0,0,0,0.00,"};
2024-07-10T07:59:09.526+07:00Z&2203;v|83,25,0,0,0,0.00,"};&{"id": "c1151e2a","data": "ht120v|83,25,0,0,0,0.00,"}
2024-07-10T08:04:15.022+07:00Z&2203;v|82,25,0,0,0,0.00,"};
2024-07-10T08:04:15.031+07:00Z&2203;v|82,25,0,0,0,0.00,"};&{"id": "c1151e2a","data": "ht120v|82,25,0,0,0,0.00,"}
2024-07-10T08:09:20.521+07:00Z&{"id": "c1151e2a","data": "ht120;v|83,25,38,52,64,0.00,"};
2024-07-10T08:09:20.538+07:00Z&{"id": "c1151e2a","data": "ht120;v|83,25,38,52,64,0.00,"};&{"id": "c1151e2a","data": "ht120v|83,25,38,52,64,0.00,"}
2024-07-10T08:14:25.855+07:00Z&2347;v|83,25,0,0,0,0.00,"};
2024-07-10T08:14:25.869+07:00Z&2347;v|83,25,0,0,0,0.00,"};&{"id": "c1151e2a","data": "ht120v|83,25,0,0,0,0.00,"}
2024-07-10T08:19:31.372+07:00Z&2347;v|83,25,42,57,73,0.00,"};
2024-07-10T08:19:31.385+07:00Z&2347;v|83,25,42,57,73,0.00,"};&{"id": "c1151e2a","data": "ht120v|83,25,42,57,73,0.00,"}
2024-07-10T08:24:36.895+07:00Z&2347;v|82,25,47,64,82,0.00,"};
2024-07-10T08:24:36.908+07:00Z&2347;v|82,25,47,64,82,0.00,"};&{"id": "c1151e2a","data": "ht120v|82,25,47,64,82,0.00,"}
2024-07-10T08:29:42.392+07:00Z&2347;v|81,26,0,0,0,0.00,"};
2024-07-10T08:29:42.404+07:00Z&2347;v|81,26,0,0,0,0.00,"};&{"id": "c1151e2a","data": "ht120v|81,26,0,0,0,0.00,"}
2024-07-10T08:34:47.919+07:00Z&2347;v|82,26,44,61,78,0.00,"};
2024-07-10T08:34:47.935+07:00Z&2347;v|82,26,44,61,78,0.00,"};&{"id": "c1151e2a","data": "ht120v|82,26,44,61,78,0.00,"}
2024-07-10T08:39:53.437+07:00Z&2347;v|80,27,50,68,85,0.00,"};
2024-07-10T08:39:53.459+07:00Z&2347;v|80,27,50,68,85,0.00,"};&{"id": "c1151e2a","data": "ht120v|80,27,50,68,85,0.00,"}
2024-07-10T08:44:58.962+07:00Z&2347;v|79,27,0,0,0,0.00,"};
2024-07-10T08:44:58.985+07:00Z&2347;v|79,27,0,0,0,0.00,"};&{"id": "c1151e2a","data": "ht120v|79,27,0,0,0,0.00,"}
2024-07-10T08:50:05.328+07:00Z&2347;v|78,27,0,0,0,0.00,"};
2024-07-10T08:50:05.422+07:00Z&2347;v|78,27,0,0,0,0.00,"};&{"id": "c1151e2a","data": "ht120v|78,27,0,0,0,0.00,"}
2024-07-10T08:55:10.722+07:00Z&2347;v|78,27,55,75,90,0.00,"};
2024-07-10T08:55:10.740+07:00Z&2347;v|78,27,55,75,90,0.00,"};&{"id": "c1151e2a","data": "ht120v|78,27,55,75,90,0.00,"}
2024-07-10T09:00:16.226+07:00Z&2347;v|77,28,42,54,67,0.00,"};
2024-07-10T09:00:16.259+07:00Z&2347;v|77,28,42,54,67,0.00,"};&{"id": "c1151e2a","data": "ht120v|77,28,42,54,67,0.00,"}
2024-07-10T09:05:21.736+07:00Z&2347;v|74,29,0,0,0,0.00,"};
2024-07-10T09:05:21.760+07:00Z&2347;v|74,29,0,0,0,0.00,"};&{"id": "c1151e2a","data": "ht120v|74,29,0,0,0,0.00,"}
2024-07-10T09:10:27.283+07:00Z&2347;v|75,28,42,54,67,0.00,"};
2024-07-10T09:10:27.297+07:00Z&2347;v|75,28,42,54,67,0.00,"};&{"id": "c1151e2a","data": "ht120v|75,28,42,54,67,0.00,"}
2024-07-10T09:15:32.794+07:00Z&2347;v|73,28,44,59,73,0.00,"};
2024-07-10T09:15:32.802+07:00Z&2347;v|73,28,44,59,73,0.00,"};&{"id": "c1151e2a","data": "ht120v|73,28,44,59,73,0.00,"}
2024-07-10T09:20:38.311+07:00Z&2347;v|72,29,0,0,0,0.00,"};
2024-07-10T09:20:38.326+07:00Z&2347;v|72,29,0,0,0,0.00,"};&{"id": "c1151e2a","data": "ht120v|72,29,0,0,0,0.00,"}
2024-07-10T09:25:43.825+07:00Z&2347;v|74,28,45,60,71,0.00,"};
2024-07-10T09:25:43.844+07:00Z&2347;v|74,28,45,60,71,0.00,"};&{"id": "c1151e2a","data": "ht120v|74,28,45,60,71,0.00,"}
2024-07-10T09:30:49.365+07:00Z&2347;v|74,28,45,60,74,0.00,"};
2024-07-10T09:30:49.378+07:00Z&2347;v|74,28,45,60,74,0.00,"};&{"id": "c1151e2a","data": "ht120v|74,28,45,60,74,0.00,"}
2024-07-10T09:35:54.871+07:00Z&2347;v|73,29,0,0,0,0.00,"};
2024-07-10T09:35:54.880+07:00Z&2347;v|73,29,0,0,0,0.00,"};&{"id": "c1151e2a","data": "ht120v|73,29,0,0,0,0.00,"}
2024-07-10T09:41:00.419+07:00Z&2347;v|70,30,37,51,65,0.00,"};
2024-07-10T09:41:00.431+07:00Z&2347;v|70,30,37,51,65,0.00,"};&{"id": "c1151e2a","data": "ht120v|70,30,37,51,65,0.00,"}
2024-07-10T09:46:05.943+07:00Z&2347;v|69,30,43,59,78,0.00,"};
2024-07-10T09:46:05.959+07:00Z&2347;v|69,30,43,59,78,0.00,"};&{"id": "c1151e2a","data": "ht120v|69,30,43,59,78,0.00,"}
2024-07-10T09:51:11.508+07:00Z&2347;v|68,31,0,0,0,0.00,"};
2024-07-10T09:51:11.529+07:00Z&2347;v|68,31,0,0,0,0.00,"};&{"id": "c1151e2a","data": "ht120v|68,31,0,0,0,0.00,"}
2024-07-10T09:56:17.021+07:00Z&2347;v|67,31,54,70,90,0.15,"};
2024-07-10T09:56:17.035+07:00Z&2347;v|67,31,54,70,90,0.15,"};&{"id": "c1151e2a","data": "ht120v|67,31,54,70,90,0.15,"}
2024-07-10T10:01:22.572+07:00Z&2347;v|66,32,32,43,54,0.00,"};
2024-07-10T10:01:22.590+07:00Z&2347;v|66,32,32,43,54,0.00,"};&{"id": "c1151e2a","data": "ht120v|66,32,32,43,54,0.00,"}
2024-07-10T10:06:28.113+07:00Z&2347;v|60,33,0,0,0,0.00,"};
2024-07-10T10:06:28.128+07:00Z&2347;v|60,33,0,0,0,0.00,"};&{"id": "c1151e2a","data": "ht120v|60,33,0,0,0,0.00,"}
2024-07-10T10:11:33.661+07:00Z&2347;v|64,31,0,0,0,0.00,"};
2024-07-10T10:11:33.672+07:00Z&2347;v|64,31,0,0,0,0.00,"};&{"id": "c1151e2a","data": "ht120v|64,31,0,0,0,0.00,"}
2024-07-10T10:16:39.212+07:00Z&2347;v|63,32,33,44,55,0.00,"};
2024-07-10T10:16:39.231+07:00Z&2347;v|63,32,33,44,55,0.00,"};&{"id": "c1151e2a","data": "ht120v|63,32,33,44,55,0.00,"}
2024-07-10T10:21:44.747+07:00Z&2347;v|64,32,0,0,0,0.00,"};
2024-07-10T10:21:44.758+07:00Z&2347;v|64,32,0,0,0,0.00,"};&{"id": "c1151e2a","data": "ht120v|64,32,0,0,0,0.00,"}
2024-07-10T10:26:50.297+07:00Z&2347;v|60,34,0,0,0,0.00,"};
2024-07-10T10:26:50.308+07:00Z&2347;v|60,34,0,0,0,0.00,"};&{"id": "c1151e2a","data": "ht120v|60,34,0,0,0,0.00,"}
2024-07-10T10:31:55.856+07:00Z&2347;v|61,32,30,41,47,0.00,"};
2024-07-10T10:31:55.870+07:00Z&2347;v|61,32,30,41,47,0.00,"};&{"id": "c1151e2a","data": "ht120v|61,32,30,41,47,0.00,"}
2024-07-10T10:37:01.405+07:00Z&2347;v|61,32,0,0,0,0.00,"};
2024-07-10T10:37:01.445+07:00Z&2347;v|61,32,0,0,0,0.00,"};&{"id": "c1151e2a","data": "ht120v|61,32,0,0,0,0.00,"}
2024-07-10T10:42:06.936+07:00Z&2347;v|61,33,0,0,0,0.00,"};
2024-07-10T10:42:06.951+07:00Z&2347;v|61,33,0,0,0,0.00,"};&{"id": "c1151e2a","data": "ht120v|61,33,0,0,0,0.00,"}
2024-07-10T10:47:12.466+07:00Z&2347;v|57,35,28,36,44,0.00,"};
2024-07-10T10:47:12.476+07:00Z&2347;v|57,35,28,36,44,0.00,"};&{"id": "c1151e2a","data": "ht120v|57,35,28,36,44,0.00,"}
2024-07-10T10:52:18.010+07:00Z&2347;v|57,35,0,0,0,0.00,"};
2024-07-10T10:52:18.021+07:00Z&2347;v|57,35,0,0,0,0.00,"};&{"id": "c1151e2a","data": "ht120v|57,35,0,0,0,0.00,"}
2024-07-10T10:57:23.545+07:00Z&2347;v|57,34,0,0,0,0.00,"};
2024-07-10T10:57:23.555+07:00Z&2347;v|57,34,0,0,0,0.00,"};&{"id": "c1151e2a","data": "ht120v|57,34,0,0,0,0.00,"}
2024-07-10T11:02:29.095+07:00Z&2347;v|56,35,26,34,40,0.00,"};
2024-07-10T11:02:29.108+07:00Z&2347;v|56,35,26,34,40,0.00,"};&{"id": "c1151e2a","data": "ht120v|56,35,26,34,40,0.00,"}
2024-07-10T11:07:34.636+07:00Z&2347;v|55,35,0,0,0,0.00,"};
2024-07-10T11:07:34.649+07:00Z&2347;v|55,35,0,0,0,0.00,"};&{"id": "c1151e2a","data": "ht120v|55,35,0,0,0,0.00,"}
2024-07-10T11:12:40.170+07:00Z&2347;v|55,35,0,0,0,0.00,"};
2024-07-10T11:12:40.179+07:00Z&2347;v|55,35,0,0,0,0.00,"};&{"id": "c1151e2a","data": "ht120v|55,35,0,0,0,0.00,"}
2024-07-10T11:17:45.716+07:00Z&2347;v|55,35,23,31,35,0.00,"};
2024-07-10T11:17:45.724+07:00Z&2347;v|55,35,23,31,35,0.00,"};&{"id": "c1151e2a","data": "ht120v|55,35,23,31,35,0.00,"}
2024-07-10T11:22:51.255+07:00Z&2347;v|56,35,0,0,0,0.00,"};
2024-07-10T11:22:51.268+07:00Z&2347;v|56,35,0,0,0,0.00,"};&{"id": "c1151e2a","data": "ht120v|56,35,0,0,0,0.00,"}
2024-07-10T11:27:56.792+07:00Z&2347;v|54,35,0,0,0,0.00,"};
2024-07-10T11:27:56.804+07:00Z&2347;v|54,35,0,0,0,0.00,"};&{"id": "c1151e2a","data": "ht120v|54,35,0,0,0,0.00,"}
2024-07-10T11:33:02.393+07:00Z&2347;v|54,35,25,32,35,0.00,"};
2024-07-10T11:33:02.415+07:00Z&2347;v|54,35,25,32,35,0.00,"};&{"id": "c1151e2a","data": "ht120v|54,35,25,32,35,0.00,"}
2024-07-10T11:38:07.887+07:00Z&2347;v|54,35,0,0,0,0.00,"};
2024-07-10T11:38:07.921+07:00Z&2347;v|54,35,0,0,0,0.00,"};&{"id": "c1151e2a","data": "ht120v|54,35,0,0,0,0.00,"}
2024-07-10T11:43:13.444+07:00Z&2347;v|56,35,0,0,0,0.49,"};
2024-07-10T11:43:13.468+07:00Z&2347;v|56,35,0,0,0,0.49,"};&{"id": "c1151e2a","data": "ht120v|56,35,0,0,0,0.49,"}
2024-07-10T11:48:19.000+07:00Z&2347;v|55,35,32,42,45,0.00,"};
2024-07-10T11:48:19.037+07:00Z&2347;v|55,35,32,42,45,0.00,"};&{"id": "c1151e2a","data": "ht120v|55,35,32,42,45,0.00,"}
2024-07-10T11:49:05.950+07:00Z&{"id": "c1151e2a","data": "ht120;v|56,34,31,40,51,0.00,"};
2024-07-10T11:49:05.979+07:00Z&{"id": "c1151e2a","data": "ht120;v|56,34,31,40,51,0.00,"};&{"id": "c1151e2a","data": "ht120v|56,34,31,40,51,0.00,"}
2024-07-10T11:54:11.312+07:00Z&2392;v|57,35,31,40,51,0.51,"};
2024-07-10T11:54:11.344+07:00Z&2392;v|57,35,31,40,51,0.51,"};&{"id": "c1151e2a","data": "ht120v|57,35,31,40,51,0.51,"}
2024-07-10T11:59:16.834+07:00Z&2392;v|55,34,0,0,0,0.00,"};
2024-07-10T11:59:16.845+07:00Z&2392;v|55,34,0,0,0,0.00,"};&{"id": "c1151e2a","data": "ht120v|55,34,0,0,0,0.00,"}
2024-07-10T12:04:22.376+07:00Z&2392;v|53,35,25,32,39,0.00,"};
2024-07-10T12:04:22.387+07:00Z&2392;v|53,35,25,32,39,0.00,"};&{"id": "c1151e2a","data": "ht120v|53,35,25,32,39,0.00,"}
2024-07-10T12:09:27.916+07:00Z&2392;v|55,34,36,49,61,0.00,"};
2024-07-10T12:09:27.936+07:00Z&2392;v|55,34,36,49,61,0.00,"};&{"id": "c1151e2a","data": "ht120v|55,34,36,49,61,0.00,"}
2024-07-10T12:14:33.444+07:00Z&2392;v|56,35,0,0,0,0.00,"};
2024-07-10T12:14:33.484+07:00Z&2392;v|56,35,0,0,0,0.00,"};&{"id": "c1151e2a","data": "ht120v|56,35,0,0,0,0.00,"}
2024-07-10T12:19:39.012+07:00Z&2392;v|54,35,26,35,39,0.00,"};
2024-07-10T12:19:39.041+07:00Z&2392;v|54,35,26,35,39,0.00,"};&{"id": "c1151e2a","data": "ht120v|54,35,26,35,39,0.00,"}
2024-07-10T12:24:44.522+07:00Z&2392;v|56,35,32,42,51,0.00,"};
2024-07-10T12:24:44.538+07:00Z&2392;v|56,35,32,42,51,0.00,"};&{"id": "c1151e2a","data": "ht120v|56,35,32,42,51,0.00,"}
2024-07-10T12:29:49.954+07:00Z&2392;2398;
2024-07-10T12:29:49.967+07:00Z&2392;2398;&{"id": "c1151e2a","data": "ht120v|56,35,0,0,0,0.00,"}
2024-07-10T12:34:55.621+07:00Z&2392;v|53,35,62,84,100,0.00,"};
2024-07-10T12:34:55.636+07:00Z&2392;v|53,35,62,84,100,0.00,"};&{"id": "c1151e2a","data": "ht120v|53,35,62,84,100,0.00,"}
2024-07-10T12:40:01.162+07:00Z&2392;v|55,35,39,48,62,0.00,"};
2024-07-10T12:40:01.180+07:00Z&2392;v|55,35,39,48,62,0.00,"};&{"id": "c1151e2a","data": "ht120v|55,35,39,48,62,0.00,"}
2024-07-10T12:45:06.674+07:00Z&2392;v|53,36,0,0,0,0.00,"};
2024-07-10T12:45:06.691+07:00Z&2392;v|53,36,0,0,0,0.00,"};&{"id": "c1151e2a","data": "ht120v|53,36,0,0,0,0.00,"}
2024-07-10T12:50:12.200+07:00Z&2392;v|52,36,0,0,0,0.00,"};
2024-07-10T12:50:12.210+07:00Z&2392;v|52,36,0,0,0,0.00,"};&{"id": "c1151e2a","data": "ht120v|52,36,0,0,0,0.00,"}
2024-07-10T12:55:17.740+07:00Z&2392;v|54,36,47,62,81,0.00,"};
2024-07-10T12:55:17.750+07:00Z&2392;v|54,36,47,62,81,0.00,"};&{"id": "c1151e2a","data": "ht120v|54,36,47,62,81,0.00,"}
2024-07-10T13:00:23.272+07:00Z&2392;v|54,35,0,0,0,0.00,"};
2024-07-10T13:00:23.286+07:00Z&2392;v|54,35,0,0,0,0.00,"};&{"id": "c1151e2a","data": "ht120v|54,35,0,0,0,0.00,"}
2024-07-10T13:05:28.808+07:00Z&2392;v|53,36,0,0,0,0.00,"};
2024-07-10T13:05:28.824+07:00Z&2392;v|53,36,0,0,0,0.00,"};&{"id": "c1151e2a","data": "ht120v|53,36,0,0,0,0.00,"}
2024-07-10T13:10:34.362+07:00Z&2392;v|52,36,30,38,43,0.00,"};
2024-07-10T13:10:34.372+07:00Z&2392;v|52,36,30,38,43,0.00,"};&{"id": "c1151e2a","data": "ht120v|52,36,30,38,43,0.00,"}
2024-07-10T13:15:39.880+07:00Z&2392;v|53,36,0,0,0,0.00,"};
2024-07-10T13:15:39.889+07:00Z&2392;v|53,36,0,0,0,0.00,"};&{"id": "c1151e2a","data": "ht120v|53,36,0,0,0,0.00,"}
2024-07-10T13:20:45.412+07:00Z&2392;v|56,34,0,0,0,0.00,"};
2024-07-10T13:20:45.426+07:00Z&2392;v|56,34,0,0,0,0.00,"};&{"id": "c1151e2a","data": "ht120v|56,34,0,0,0,0.00,"}
2024-07-10T13:25:50.973+07:00Z&2392;v|53,35,24,32,36,0.00,"};
2024-07-10T13:25:50.992+07:00Z&2392;v|53,35,24,32,36,0.00,"};&{"id": "c1151e2a","data": "ht120v|53,35,24,32,36,0.00,"}
2024-07-10T13:30:56.502+07:00Z&2392;v|54,35,0,0,0,0.04,"};
2024-07-10T13:30:56.517+07:00Z&2392;v|54,35,0,0,0,0.04,"};&{"id": "c1151e2a","data": "ht120v|54,35,0,0,0,0.04,"}
2024-07-10T13:36:02.038+07:00Z&2392;v|52,36,0,0,0,0.13,"};
2024-07-10T13:36:02.066+07:00Z&2392;v|52,36,0,0,0,0.13,"};&{"id": "c1151e2a","data": "ht120v|52,36,0,0,0,0.13,"}
2024-07-10T13:41:07.567+07:00Z&2392;v|51,36,42,59,72,0.00,"};
2024-07-10T13:41:07.581+07:00Z&2392;v|51,36,42,59,72,0.00,"};&{"id": "c1151e2a","data": "ht120v|51,36,42,59,72,0.00,"}
2024-07-10T13:46:13.116+07:00Z&2392;v|51,36,0,0,0,0.00,"};
2024-07-10T13:46:13.139+07:00Z&2392;v|51,36,0,0,0,0.00,"};&{"id": "c1151e2a","data": "ht120v|51,36,0,0,0,0.00,"}
2024-07-10T13:51:18.655+07:00Z&2392;v|49,36,0,0,0,0.00,"};
2024-07-10T13:51:18.688+07:00Z&2392;v|49,36,0,0,0,0.00,"};&{"id": "c1151e2a","data": "ht120v|49,36,0,0,0,0.00,"}
2024-07-10T13:56:24.193+07:00Z&2392;v|54,36,29,38,48,0.00,"};
2024-07-10T13:56:24.219+07:00Z&2392;v|54,36,29,38,48,0.00,"};&{"id": "c1151e2a","data": "ht120v|54,36,29,38,48,0.00,"}
2024-07-10T14:01:29.736+07:00Z&2392;v|52,36,0,0,0,0.00,"};
2024-07-10T14:01:29.745+07:00Z&2392;v|52,36,0,0,0,0.00,"};&{"id": "c1151e2a","data": "ht120v|52,36,0,0,0,0.00,"}
2024-07-10T14:06:35.267+07:00Z&2392;v|51,36,0,0,0,0.00,"};
2024-07-10T14:06:35.281+07:00Z&2392;v|51,36,0,0,0,0.00,"};&{"id": "c1151e2a","data": "ht120v|51,36,0,0,0,0.00,"}
2024-07-10T14:11:40.832+07:00Z&2392;v|54,35,39,53,58,0.00,"};
2024-07-10T14:11:40.854+07:00Z&2392;v|54,35,39,53,58,0.00,"};&{"id": "c1151e2a","data": "ht120v|54,35,39,53,58,0.00,"}
2024-07-10T14:16:46.350+07:00Z&2392;v|54,34,0,0,0,0.00,"};
2024-07-10T14:16:46.362+07:00Z&2392;v|54,34,0,0,0,0.00,"};&{"id": "c1151e2a","data": "ht120v|54,34,0,0,0,0.00,"}
2024-07-10T14:21:51.780+07:00Z&2392;2395;
2024-07-10T14:21:51.787+07:00Z&2392;2395;&{"id": "c1151e2a","data": "ht120v|55,34,0,0,0,0.00,"}
2024-07-10T14:26:57.404+07:00Z&2392;v|53,35,26,35,42,0.00,"};
2024-07-10T14:26:57.418+07:00Z&2392;v|53,35,26,35,42,0.00,"};&{"id": "c1151e2a","data": "ht120v|53,35,26,35,42,0.00,"}
2024-07-10T14:32:02.943+07:00Z&2392;v|52,36,0,0,0,0.17,"};
2024-07-10T14:32:02.980+07:00Z&2392;v|52,36,0,0,0,0.17,"};&{"id": "c1151e2a","data": "ht120v|52,36,0,0,0,0.17,"}
2024-07-10T14:37:08.458+07:00Z&2392;v|56,35,0,0,0,0.84,"};
2024-07-10T14:37:08.477+07:00Z&2392;v|56,35,0,0,0,0.84,"};&{"id": "c1151e2a","data": "ht120v|56,35,0,0,0,0.84,"}
2024-07-10T14:42:13.983+07:00Z&2392;v|60,33,0,0,0,0.84,"};
2024-07-10T14:42:13.994+07:00Z&2392;v|60,33,0,0,0,0.84,"};&{"id": "c1151e2a","data": "ht120v|60,33,0,0,0,0.84,"}
2024-07-10T14:47:19.545+07:00Z&2392;v|62,33,46,63,79,0.80,"};
2024-07-10T14:47:19.571+07:00Z&2392;v|62,33,46,63,79,0.80,"};&{"id": "c1151e2a","data": "ht120v|62,33,46,63,79,0.80,"}
2024-07-10T14:52:25.023+07:00Z&2392;v|63,32,0,0,0,0.57,"};
2024-07-10T14:52:25.033+07:00Z&2392;v|63,32,0,0,0,0.57,"};&{"id": "c1151e2a","data": "ht120v|63,32,0,0,0,0.57,"}
2024-07-10T14:57:30.542+07:00Z&2392;v|63,32,0,0,0,0.24,"};
2024-07-10T14:57:30.559+07:00Z&2392;v|63,32,0,0,0,0.24,"};&{"id": "c1151e2a","data": "ht120v|63,32,0,0,0,0.24,"}
2024-07-10T15:02:36.071+07:00Z&2392;v|63,32,37,48,58,0.71,"};
2024-07-10T15:02:36.101+07:00Z&2392;v|63,32,37,48,58,0.71,"};&{"id": "c1151e2a","data": "ht120v|63,32,37,48,58,0.71,"}
2024-07-10T15:07:41.586+07:00Z&2392;v|64,32,0,0,0,0.77,"};
2024-07-10T15:07:41.600+07:00Z&2392;v|64,32,0,0,0,0.77,"};&{"id": "c1151e2a","data": "ht120v|64,32,0,0,0,0.77,"}
2024-07-10T15:12:47.106+07:00Z&2392;v|65,31,0,0,0,0.69,"};
2024-07-10T15:12:47.118+07:00Z&2392;v|65,31,0,0,0,0.69,"};&{"id": "c1151e2a","data": "ht120v|65,31,0,0,0,0.69,"}
2024-07-10T15:17:52.635+07:00Z&2392;v|65,32,36,48,57,0.66,"};
2024-07-10T15:17:52.645+07:00Z&2392;v|65,32,36,48,57,0.66,"};&{"id": "c1151e2a","data": "ht120v|65,32,36,48,57,0.66,"}
2024-07-10T15:22:58.157+07:00Z&2392;v|65,32,0,0,0,1.82,"};
2024-07-10T15:22:58.173+07:00Z&2392;v|65,32,0,0,0,1.82,"};&{"id": "c1151e2a","data": "ht120v|65,32,0,0,0,1.82,"}
2024-07-10T15:28:03.678+07:00Z&2392;v|64,32,0,0,0,1.62,"};
2024-07-10T15:28:03.702+07:00Z&2392;v|64,32,0,0,0,1.62,"};&{"id": "c1151e2a","data": "ht120v|64,32,0,0,0,1.62,"}
2024-07-10T15:33:09.238+07:00Z&2392;v|63,32,41,55,69,0.62,"};
2024-07-10T15:33:09.258+07:00Z&2392;v|63,32,41,55,69,0.62,"};&{"id": "c1151e2a","data": "ht120v|63,32,41,55,69,0.62,"}
2024-07-10T15:38:14.716+07:00Z&2392;v|64,32,0,0,0,0.55,"};
2024-07-10T15:38:14.729+07:00Z&2392;v|64,32,0,0,0,0.55,"};&{"id": "c1151e2a","data": "ht120v|64,32,0,0,0,0.55,"}
2024-07-10T15:43:20.240+07:00Z&2392;v|64,31,0,0,0,0.15,"};
2024-07-10T15:43:20.273+07:00Z&2392;v|64,31,0,0,0,0.15,"};&{"id": "c1151e2a","data": "ht120v|64,31,0,0,0,0.15,"}
2024-07-10T15:48:25.774+07:00Z&2392;v|65,31,45,59,68,0.35,"};
2024-07-10T15:48:25.786+07:00Z&2392;v|65,31,45,59,68,0.35,"};&{"id": "c1151e2a","data": "ht120v|65,31,45,59,68,0.35,"}
2024-07-10T15:53:31.289+07:00Z&2392;v|66,31,0,0,0,0.00,"};
2024-07-10T15:53:31.303+07:00Z&2392;v|66,31,0,0,0,0.00,"};&{"id": "c1151e2a","data": "ht120v|66,31,0,0,0,0.00,"}
2024-07-10T15:58:36.795+07:00Z&2392;v|67,30,0,0,0,0.60,"};
2024-07-10T15:58:36.806+07:00Z&2392;v|67,30,0,0,0,0.60,"};&{"id": "c1151e2a","data": "ht120v|67,30,0,0,0,0.60,"}
2024-07-10T16:03:43.118+07:00Z&2392;v|67,30,0,0,0,0.51,"};
2024-07-10T16:03:43.134+07:00Z&2392;v|67,30,0,0,0,0.51,"};&{"id": "c1151e2a","data": "ht120v|67,30,0,0,0,0.51,"}
2024-07-10T16:08:48.649+07:00Z&2392;v|68,30,58,76,96,0.64,"};
2024-07-10T16:08:48.664+07:00Z&2392;v|68,30,58,76,96,0.64,"};&{"id": "c1151e2a","data": "ht120v|68,30,58,76,96,0.64,"}
2024-07-10T16:13:54.146+07:00Z&2392;v|68,29,0,0,0,0.57,"};
2024-07-10T16:13:54.159+07:00Z&2392;v|68,29,0,0,0,0.57,"};&{"id": "c1151e2a","data": "ht120v|68,29,0,0,0,0.57,"}
2024-07-10T16:18:59.675+07:00Z&2392;v|69,29,0,0,0,0.73,"};
2024-07-10T16:18:59.690+07:00Z&2392;v|69,29,0,0,0,0.73,"};&{"id": "c1151e2a","data": "ht120v|69,29,0,0,0,0.73,"}
2024-07-10T16:24:05.229+07:00Z&2392;v|69,29,71,97,119,0.62,"};
2024-07-10T16:24:05.281+07:00Z&2392;v|69,29,71,97,119,0.62,"};&{"id": "c1151e2a","data": "ht120v|69,29,71,97,119,0.62,"}
2024-07-10T16:29:10.689+07:00Z&2392;v|70,29,0,0,0,0.62,"};
2024-07-10T16:29:10.708+07:00Z&2392;v|70,29,0,0,0,0.62,"};&{"id": "c1151e2a","data": "ht120v|70,29,0,0,0,0.62,"}
2024-07-10T16:34:16.226+07:00Z&2392;v|70,29,0,0,0,1.49,"};
2024-07-10T16:34:16.249+07:00Z&2392;v|70,29,0,0,0,1.49,"};&{"id": "c1151e2a","data": "ht120v|70,29,0,0,0,1.49,"}
2024-07-10T16:39:21.749+07:00Z&2392;v|70,29,34,45,52,0.35,"};
2024-07-10T16:39:21.805+07:00Z&2392;v|70,29,34,45,52,0.35,"};&{"id": "c1151e2a","data": "ht120v|70,29,34,45,52,0.35,"}
2024-07-10T16:44:27.226+07:00Z&2392;v|71,28,0,0,0,0.53,"};
2024-07-10T16:44:27.244+07:00Z&2392;v|71,28,0,0,0,0.53,"};&{"id": "c1151e2a","data": "ht120v|71,28,0,0,0,0.53,"}
2024-07-10T16:49:32.731+07:00Z&2392;v|71,28,0,0,0,0.17,"};
2024-07-10T16:49:32.743+07:00Z&2392;v|71,28,0,0,0,0.17,"};&{"id": "c1151e2a","data": "ht120v|71,28,0,0,0,0.17,"}
2024-07-10T16:54:38.234+07:00Z&2392;v|71,28,0,0,0,0.00,"};
2024-07-10T16:54:38.244+07:00Z&2392;v|71,28,0,0,0,0.00,"};&{"id": "c1151e2a","data": "ht120v|71,28,0,0,0,0.00,"}
2024-07-10T16:59:43.753+07:00Z&2392;v|73,28,0,0,0,0.00,"};
2024-07-10T16:59:43.770+07:00Z&2392;v|73,28,0,0,0,0.00,"};&{"id": "c1151e2a","data": "ht120v|73,28,0,0,0,0.00,"}
2024-07-10T17:04:49.272+07:00Z&2392;v|72,28,0,0,0,0.33,"};
2024-07-10T17:04:49.284+07:00Z&2392;v|72,28,0,0,0,0.33,"};&{"id": "c1151e2a","data": "ht120v|72,28,0,0,0,0.33,"}
2024-07-10T17:09:54.807+07:00Z&2392;v|72,28,0,0,0,0.20,"};
2024-07-10T17:09:54.846+07:00Z&2392;v|72,28,0,0,0,0.20,"};&{"id": "c1151e2a","data": "ht120v|72,28,0,0,0,0.20,"}
2024-07-10T17:15:00.287+07:00Z&2392;v|72,28,0,0,0,0.00,"};
2024-07-10T17:15:00.306+07:00Z&2392;v|72,28,0,0,0,0.00,"};&{"id": "c1151e2a","data": "ht120v|72,28,0,0,0,0.00,"}
2024-07-10T17:19:16.123+07:00Z&{"id": "c1151e2a","data": "ht120;v|72,28,44,59,70,0.00,"};
2024-07-10T17:19:16.148+07:00Z&{"id": "c1151e2a","data": "ht120;v|72,28,44,59,70,0.00,"};&{"id": "c1151e2a","data": "ht120v|72,28,44,59,70,0.00,"}
2024-07-10T17:24:21.459+07:00Z&2456;v|72,28,0,0,0,0.20,"};
2024-07-10T17:24:21.474+07:00Z&2456;v|72,28,0,0,0,0.20,"};&{"id": "c1151e2a","data": "ht120v|72,28,0,0,0,0.20,"}
2024-07-10T17:29:26.968+07:00Z&2456;v|72,27,36,48,58,0.42,"};
2024-07-10T17:29:26.977+07:00Z&2456;v|72,27,36,48,58,0.42,"};&{"id": "c1151e2a","data": "ht120v|72,27,36,48,58,0.42,"}
2024-07-10T17:34:32.495+07:00Z&2456;v|73,27,40,53,64,0.53,"};
2024-07-10T17:34:32.509+07:00Z&2456;v|73,27,40,53,64,0.53,"};&{"id": "c1151e2a","data": "ht120v|73,27,40,53,64,0.53,"}
2024-07-10T17:39:37.989+07:00Z&2456;v|73,27,0,0,0,0.11,"};
2024-07-10T17:39:38.006+07:00Z&2456;v|73,27,0,0,0,0.11,"};&{"id": "c1151e2a","data": "ht120v|73,27,0,0,0,0.11,"}
2024-07-10T17:44:43.510+07:00Z&2456;v|73,27,49,65,79,0.00,"};
2024-07-10T17:44:43.533+07:00Z&2456;v|73,27,49,65,79,0.00,"};&{"id": "c1151e2a","data": "ht120v|73,27,49,65,79,0.00,"}
2024-07-10T17:49:49.021+07:00Z&2456;v|74,27,42,56,68,0.00,"};
2024-07-10T17:49:49.043+07:00Z&2456;v|74,27,42,56,68,0.00,"};&{"id": "c1151e2a","data": "ht120v|74,27,42,56,68,0.00,"}
2024-07-10T17:54:54.562+07:00Z&2456;v|74,27,0,0,0,0.00,"};
2024-07-10T17:54:54.576+07:00Z&2456;v|74,27,0,0,0,0.00,"};&{"id": "c1151e2a","data": "ht120v|74,27,0,0,0,0.00,"}
2024-07-10T18:00:00.046+07:00Z&2456;v|75,27,41,57,65,0.00,"};
2024-07-10T18:00:00.062+07:00Z&2456;v|75,27,41,57,65,0.00,"};&{"id": "c1151e2a","data": "ht120v|75,27,41,57,65,0.00,"}
2024-07-10T18:05:05.567+07:00Z&2456;v|75,27,47,64,77,0.00,"};
2024-07-10T18:05:05.625+07:00Z&2456;v|75,27,47,64,77,0.00,"};&{"id": "c1151e2a","data": "ht120v|75,27,47,64,77,0.00,"}
2024-07-10T18:10:11.060+07:00Z&2456;v|76,27,0,0,0,0.00,"};
2024-07-10T18:10:11.075+07:00Z&2456;v|76,27,0,0,0,0.00,"};&{"id": "c1151e2a","data": "ht120v|76,27,0,0,0,0.00,"}
2024-07-10T18:15:16.587+07:00Z&2456;v|76,27,37,49,61,0.00,"};
2024-07-10T18:15:16.599+07:00Z&2456;v|76,27,37,49,61,0.00,"};&{"id": "c1151e2a","data": "ht120v|76,27,37,49,61,0.00,"}
2024-07-10T18:20:22.090+07:00Z&2456;v|77,27,34,47,54,0.00,"};
2024-07-10T18:20:22.102+07:00Z&2456;v|77,27,34,47,54,0.00,"};&{"id": "c1151e2a","data": "ht120v|77,27,34,47,54,0.00,"}
2024-07-10T18:25:27.584+07:00Z&2456;v|78,27,0,0,0,0.37,"};
2024-07-10T18:25:27.615+07:00Z&2456;v|78,27,0,0,0,0.37,"};&{"id": "c1151e2a","data": "ht120v|78,27,0,0,0,0.37,"}
2024-07-10T18:30:33.122+07:00Z&2456;v|77,27,30,41,49,0.00,"};
2024-07-10T18:30:33.137+07:00Z&2456;v|77,27,30,41,49,0.00,"};&{"id": "c1151e2a","data": "ht120v|77,27,30,41,49,0.00,"}
2024-07-10T18:35:38.637+07:00Z&2456;v|77,27,30,41,48,0.00,"};
2024-07-10T18:35:38.648+07:00Z&2456;v|77,27,30,41,48,0.00,"};&{"id": "c1151e2a","data": "ht120v|77,27,30,41,48,0.00,"}
2024-07-10T18:40:44.115+07:00Z&2456;v|78,26,0,0,0,0.00,"};
2024-07-10T18:40:44.124+07:00Z&2456;v|78,26,0,0,0,0.00,"};&{"id": "c1151e2a","data": "ht120v|78,26,0,0,0,0.00,"}
2024-07-10T18:45:49.643+07:00Z&2456;v|79,26,44,60,74,0.00,"};
2024-07-10T18:45:49.654+07:00Z&2456;v|79,26,44,60,74,0.00,"};&{"id": "c1151e2a","data": "ht120v|79,26,44,60,74,0.00,"}
2024-07-10T18:50:55.164+07:00Z&2456;v|80,26,56,75,90,0.00,"};
2024-07-10T18:50:55.188+07:00Z&2456;v|80,26,56,75,90,0.00,"};&{"id": "c1151e2a","data": "ht120v|80,26,56,75,90,0.00,"}
2024-07-10T18:56:00.684+07:00Z&2456;v|80,26,0,0,0,0.00,"};
2024-07-10T18:56:00.768+07:00Z&2456;v|80,26,0,0,0,0.00,"};&{"id": "c1151e2a","data": "ht120v|80,26,0,0,0,0.00,"}
2024-07-10T19:01:06.192+07:00Z&2456;v|79,26,32,43,52,0.00,"};
2024-07-10T19:01:06.214+07:00Z&2456;v|79,26,32,43,52,0.00,"};&{"id": "c1151e2a","data": "ht120v|79,26,32,43,52,0.00,"}
2024-07-10T19:06:11.692+07:00Z&2456;v|81,26,38,51,60,0.00,"};
2024-07-10T19:06:11.705+07:00Z&2456;v|81,26,38,51,60,0.00,"};&{"id": "c1151e2a","data": "ht120v|81,26,38,51,60,0.00,"}
2024-07-10T19:11:17.206+07:00Z&2456;v|80,26,0,0,0,0.00,"};
2024-07-10T19:11:17.236+07:00Z&2456;v|80,26,0,0,0,0.00,"};&{"id": "c1151e2a","data": "ht120v|80,26,0,0,0,0.00,"}
2024-07-10T19:16:22.705+07:00Z&2456;v|80,26,30,43,53,0.00,"};
2024-07-10T19:16:22.713+07:00Z&2456;v|80,26,30,43,53,0.00,"};&{"id": "c1151e2a","data": "ht120v|80,26,30,43,53,0.00,"}
2024-07-10T19:21:28.216+07:00Z&2456;v|81,26,33,44,54,0.00,"};
2024-07-10T19:21:28.233+07:00Z&2456;v|81,26,33,44,54,0.00,"};&{"id": "c1151e2a","data": "ht120v|81,26,33,44,54,0.00,"}
2024-07-10T19:26:33.721+07:00Z&2456;v|80,26,0,0,0,0.00,"};
2024-07-10T19:26:33.729+07:00Z&2456;v|80,26,0,0,0,0.00,"};&{"id": "c1151e2a","data": "ht120v|80,26,0,0,0,0.00,"}
2024-07-10T19:31:39.247+07:00Z&2456;v|81,26,38,50,63,0.00,"};
2024-07-10T19:31:39.262+07:00Z&2456;v|81,26,38,50,63,0.00,"};&{"id": "c1151e2a","data": "ht120v|81,26,38,50,63,0.00,"}
2024-07-10T19:36:44.751+07:00Z&2456;v|80,26,27,39,46,0.00,"};
2024-07-10T19:36:44.761+07:00Z&2456;v|80,26,27,39,46,0.00,"};&{"id": "c1151e2a","data": "ht120v|80,26,27,39,46,0.00,"}
2024-07-10T19:41:50.261+07:00Z&2456;v|80,26,0,0,0,0.00,"};
2024-07-10T19:41:50.278+07:00Z&2456;v|80,26,0,0,0,0.00,"};&{"id": "c1151e2a","data": "ht120v|80,26,0,0,0,0.00,"}
2024-07-10T19:46:55.777+07:00Z&2456;v|80,26,31,42,53,0.00,"};
2024-07-10T19:46:55.787+07:00Z&2456;v|80,26,31,42,53,0.00,"};&{"id": "c1151e2a","data": "ht120v|80,26,31,42,53,0.00,"}
2024-07-10T19:52:01.320+07:00Z&2456;v|80,26,35,48,62,0.00,"};
2024-07-10T19:52:01.335+07:00Z&2456;v|80,26,35,48,62,0.00,"};&{"id": "c1151e2a","data": "ht120v|80,26,35,48,62,0.00,"}
2024-07-10T19:57:06.791+07:00Z&2456;v|80,26,0,0,0,0.00,"};
2024-07-10T19:57:06.805+07:00Z&2456;v|80,26,0,0,0,0.00,"};&{"id": "c1151e2a","data": "ht120v|80,26,0,0,0,0.00,"}
2024-07-10T20:02:12.313+07:00Z&2456;v|80,26,0,0,0,0.00,"};
2024-07-10T20:02:12.323+07:00Z&2456;v|80,26,0,0,0,0.00,"};&{"id": "c1151e2a","data": "ht120v|80,26,0,0,0,0.00,"}
2024-07-10T20:07:17.834+07:00Z&2456;v|80,26,31,43,53,0.00,"};
2024-07-10T20:07:17.844+07:00Z&2456;v|80,26,31,43,53,0.00,"};&{"id": "c1151e2a","data": "ht120v|80,26,31,43,53,0.00,"}
2024-07-10T20:12:23.347+07:00Z&2456;v|80,26,0,0,0,0.00,"};
2024-07-10T20:12:23.357+07:00Z&2456;v|80,26,0,0,0,0.00,"};&{"id": "c1151e2a","data": "ht120v|80,26,0,0,0,0.00,"}
2024-07-10T20:17:28.869+07:00Z&2456;v|81,26,32,42,53,0.00,"};
2024-07-10T20:17:28.890+07:00Z&2456;v|81,26,32,42,53,0.00,"};&{"id": "c1151e2a","data": "ht120v|81,26,32,42,53,0.00,"}
2024-07-10T20:22:34.380+07:00Z&2456;v|80,26,29,41,53,0.00,"};
2024-07-10T20:22:34.389+07:00Z&2456;v|80,26,29,41,53,0.00,"};&{"id": "c1151e2a","data": "ht120v|80,26,29,41,53,0.00,"}
2024-07-10T20:27:39.899+07:00Z&2456;v|80,26,0,0,0,0.00,"};
2024-07-10T20:27:39.909+07:00Z&2456;v|80,26,0,0,0,0.00,"};&{"id": "c1151e2a","data": "ht120v|80,26,0,0,0,0.00,"}
2024-07-10T20:32:45.410+07:00Z&2456;v|81,26,26,36,46,0.00,"};
2024-07-10T20:32:45.427+07:00Z&2456;v|81,26,26,36,46,0.00,"};&{"id": "c1151e2a","data": "ht120v|81,26,26,36,46,0.00,"}
2024-07-10T20:37:50.924+07:00Z&2456;v|81,26,27,37,46,0.00,"};
2024-07-10T20:37:50.934+07:00Z&2456;v|81,26,27,37,46,0.00,"};&{"id": "c1151e2a","data": "ht120v|81,26,27,37,46,0.00,"}
2024-07-10T20:42:56.402+07:00Z&2456;v|82,26,0,0,0,0.00,"};
2024-07-10T20:42:56.411+07:00Z&2456;v|82,26,0,0,0,0.00,"};&{"id": "c1151e2a","data": "ht120v|82,26,0,0,0,0.00,"}
2024-07-10T20:48:01.920+07:00Z&2456;v|82,25,23,32,39,0.00,"};
2024-07-10T20:48:01.946+07:00Z&2456;v|82,25,23,32,39,0.00,"};&{"id": "c1151e2a","data": "ht120v|82,25,23,32,39,0.00,"}
2024-07-10T20:53:07.422+07:00Z&2456;v|81,26,0,0,0,0.00,"};
2024-07-10T20:53:07.455+07:00Z&2456;v|81,26,0,0,0,0.00,"};&{"id": "c1151e2a","data": "ht120v|81,26,0,0,0,0.00,"}
2024-07-10T20:58:12.926+07:00Z&2456;v|81,26,0,0,0,0.00,"};
2024-07-10T20:58:12.939+07:00Z&2456;v|81,26,0,0,0,0.00,"};&{"id": "c1151e2a","data": "ht120v|81,26,0,0,0,0.00,"}
2024-07-10T21:03:18.446+07:00Z&2456;v|81,26,24,32,42,0.00,"};
2024-07-10T21:03:18.463+07:00Z&2456;v|81,26,24,32,42,0.00,"};&{"id": "c1151e2a","data": "ht120v|81,26,24,32,42,0.00,"}
2024-07-10T21:08:23.935+07:00Z&2456;v|81,25,0,0,0,0.00,"};
2024-07-10T21:08:23.948+07:00Z&2456;v|81,25,0,0,0,0.00,"};&{"id": "c1151e2a","data": "ht120v|81,25,0,0,0,0.00,"}
2024-07-10T21:13:29.437+07:00Z&2456;v|81,25,0,0,0,0.00,"};
2024-07-10T21:13:29.449+07:00Z&2456;v|81,25,0,0,0,0.00,"};&{"id": "c1151e2a","data": "ht120v|81,25,0,0,0,0.00,"}
2024-07-10T21:18:34.956+07:00Z&2456;v|81,25,22,31,38,0.00,"};
2024-07-10T21:18:34.968+07:00Z&2456;v|81,25,22,31,38,0.00,"};&{"id": "c1151e2a","data": "ht120v|81,25,22,31,38,0.00,"}
2024-07-10T21:23:40.453+07:00Z&2456;v|82,25,0,0,0,0.00,"};
2024-07-10T21:23:40.463+07:00Z&2456;v|82,25,0,0,0,0.00,"};&{"id": "c1151e2a","data": "ht120v|82,25,0,0,0,0.00,"}
2024-07-10T21:28:45.964+07:00Z&2456;v|82,25,0,0,0,0.00,"};
2024-07-10T21:28:45.973+07:00Z&2456;v|82,25,0,0,0,0.00,"};&{"id": "c1151e2a","data": "ht120v|82,25,0,0,0,0.00,"}
2024-07-10T21:33:51.481+07:00Z&2456;v|82,25,16,22,27,0.00,"};
2024-07-10T21:33:51.495+07:00Z&2456;v|82,25,16,22,27,0.00,"};&{"id": "c1151e2a","data": "ht120v|82,25,16,22,27,0.00,"}
2024-07-10T21:38:56.982+07:00Z&2456;v|82,25,0,0,0,0.00,"};
2024-07-10T21:38:57.000+07:00Z&2456;v|82,25,0,0,0,0.00,"};&{"id": "c1151e2a","data": "ht120v|82,25,0,0,0,0.00,"}
2024-07-10T21:39:59.929+07:00Z&{"id": "c1151e2a","data": "ht120;v|84,25,19,26,32,0.00,"};
2024-07-10T21:39:59.943+07:00Z&{"id": "c1151e2a","data": "ht120;v|84,25,19,26,32,0.00,"};&{"id": "c1151e2a","data": "ht120v|84,25,19,26,32,0.00,"}
2024-07-10T21:40:05.978+07:00Z&{"id": "c1151e2a","data": "ht120;v|84,25,18,25,34,0.00,"};
2024-07-10T21:40:06.010+07:00Z&{"id": "c1151e2a","data": "ht120;v|84,25,18,25,34,0.00,"};&{"id": "c1151e2a","data": "ht120v|84,25,18,25,34,0.00,"}
2024-07-10T21:40:12.247+07:00Z&{"id": "c1151e2a","data": "ht120;v|84,25,17,23,33,0.00,"};
2024-07-10T21:40:12.260+07:00Z&{"id": "c1151e2a","data": "ht120;v|84,25,17,23,33,0.00,"};&{"id": "c1151e2a","data": "ht120v|84,25,17,23,33,0.00,"}
