7/7/2024, 12:42:24 PM&{"id": "7d80e4e0","data": "ht120v|60,25,11,21,31,0.00,"}
7/7/2024, 12:44:04 PM&{"id": "7d80e4e0","data": "ht120v|60,25,11,21,31,0.00,"}
7/7/2024, 12:47:24 PM&{"id": "7d80e4e0","data": "ht120v|60,25,11,21,31,0.00,"}
7/7/2024, 12:50:59 PM&c85e7441
7/7/2024, 12:51:13 PM&{"id": "7d80e4e0","data": "ht120;v|60,25,11,21,31,0.00,"};
7/7/2024, 12:51:13 PM&1418,1419;
7/7/2024, 12:51:58 PM&a42630a4-4927-4f11-be40-f303925978f6
7/7/2024, 12:52:58 PM&a42630a4-4927-4f11-be40-f303925978f6
7/7/2024, 12:53:58 PM&a42630a4-4927-4f11-be40-f303925978f6
7/7/2024, 12:54:58 PM&a42630a4-4927-4f11-be40-f303925978f6
7/7/2024, 12:55:58 PM&a42630a4-4927-4f11-be40-f303925978f6
7/7/2024, 12:56:58 PM&a42630a4-4927-4f11-be40-f303925978f6
7/7/2024, 12:57:58 PM&a42630a4-4927-4f11-be40-f303925978f6
7/7/2024, 12:58:58 PM&a42630a4-4927-4f11-be40-f303925978f6
7/7/2024, 12:59:51 PM&c85e7441
7/7/2024, 12:59:53 PM&c85e7441
7/7/2024, 12:59:53 PM&{"clientId":"c85e7441","subs":[{"topic":"node/c85e7441/prod/action","qos":2}]}
7/7/2024, 12:59:58 PM&a42630a4-4927-4f11-be40-f303925978f6
7/7/2024, 1:00:03 PM&{"id": "7d80e4e0","data": "ht120;v|60,25,11,21,31,0.00,"};
7/7/2024, 1:00:03 PM&1421,1422;
7/7/2024, 1:00:58 PM&a42630a4-4927-4f11-be40-f303925978f6
7/7/2024, 1:01:58 PM&a42630a4-4927-4f11-be40-f303925978f6
7/7/2024, 1:02:58 PM&a42630a4-4927-4f11-be40-f303925978f6
7/7/2024, 1:03:58 PM&a42630a4-4927-4f11-be40-f303925978f6
7/7/2024, 1:04:58 PM&a42630a4-4927-4f11-be40-f303925978f6
7/7/2024, 1:05:04 PM&{"id": "7d80e4e0","data": "ht120;v|60,26,10,20,31,0.00,"};
7/7/2024, 1:05:04 PM&1424,1425;
7/7/2024, 1:05:58 PM&a42630a4-4927-4f11-be40-f303925978f6
7/7/2024, 1:06:58 PM&a42630a4-4927-4f11-be40-f303925978f6
7/7/2024, 1:07:58 PM&a42630a4-4927-4f11-be40-f303925978f6
7/7/2024, 1:08:58 PM&a42630a4-4927-4f11-be40-f303925978f6
7/7/2024, 1:09:58 PM&a42630a4-4927-4f11-be40-f303925978f6
7/7/2024, 1:10:04 PM&1421;v|61,26,10,20,31,0.00,"};
7/7/2024, 1:10:04 PM&1427;
7/7/2024, 1:10:58 PM&a42630a4-4927-4f11-be40-f303925978f6
7/7/2024, 1:11:58 PM&a42630a4-4927-4f11-be40-f303925978f6
7/7/2024, 1:12:58 PM&a42630a4-4927-4f11-be40-f303925978f6
7/7/2024, 1:13:58 PM&a42630a4-4927-4f11-be40-f303925978f6
7/7/2024, 1:14:58 PM&a42630a4-4927-4f11-be40-f303925978f6
7/7/2024, 1:15:05 PM&1421;v|61,26,10,20,31,0.00,"};
7/7/2024, 1:15:05 PM&1428;
7/7/2024, 1:15:58 PM&a42630a4-4927-4f11-be40-f303925978f6
7/7/2024, 1:16:58 PM&a42630a4-4927-4f11-be40-f303925978f6
7/7/2024, 1:17:58 PM&a42630a4-4927-4f11-be40-f303925978f6
7/7/2024, 1:18:58 PM&a42630a4-4927-4f11-be40-f303925978f6
7/7/2024, 1:19:58 PM&a42630a4-4927-4f11-be40-f303925978f6
7/7/2024, 1:20:05 PM&1421;v|60,25,10,21,31,0.00,"};
7/7/2024, 1:20:06 PM&1429;
7/7/2024, 1:20:58 PM&a42630a4-4927-4f11-be40-f303925978f6
7/7/2024, 1:21:58 PM&a42630a4-4927-4f11-be40-f303925978f6
7/7/2024, 1:22:58 PM&a42630a4-4927-4f11-be40-f303925978f6
7/7/2024, 1:23:58 PM&a42630a4-4927-4f11-be40-f303925978f6
7/7/2024, 1:24:58 PM&a42630a4-4927-4f11-be40-f303925978f6
7/7/2024, 1:25:06 PM&1421;v|60,26,11,20,30,0.00,"};
7/7/2024, 1:25:06 PM&1430;
7/7/2024, 1:25:58 PM&a42630a4-4927-4f11-be40-f303925978f6
7/7/2024, 1:26:58 PM&a42630a4-4927-4f11-be40-f303925978f6
7/7/2024, 1:27:58 PM&a42630a4-4927-4f11-be40-f303925978f6
7/7/2024, 1:28:58 PM&a42630a4-4927-4f11-be40-f303925978f6
7/7/2024, 1:29:58 PM&a42630a4-4927-4f11-be40-f303925978f6
7/7/2024, 1:30:07 PM&1421;v|61,26,11,21,31,0.00,"};
7/7/2024, 1:30:07 PM&1431;
7/7/2024, 1:30:58 PM&a42630a4-4927-4f11-be40-f303925978f6
7/7/2024, 1:31:58 PM&a42630a4-4927-4f11-be40-f303925978f6
7/7/2024, 1:32:58 PM&a42630a4-4927-4f11-be40-f303925978f6
7/7/2024, 1:33:58 PM&a42630a4-4927-4f11-be40-f303925978f6
7/7/2024, 1:34:58 PM&a42630a4-4927-4f11-be40-f303925978f6
7/7/2024, 1:35:08 PM&1421;v|60,26,11,20,31,0.00,"};
7/7/2024, 1:35:08 PM&1432;
7/7/2024, 1:35:58 PM&a42630a4-4927-4f11-be40-f303925978f6
7/7/2024, 1:36:58 PM&a42630a4-4927-4f11-be40-f303925978f6
7/7/2024, 1:37:58 PM&a42630a4-4927-4f11-be40-f303925978f6
7/7/2024, 1:38:58 PM&a42630a4-4927-4f11-be40-f303925978f6
7/7/2024, 1:39:58 PM&a42630a4-4927-4f11-be40-f303925978f6
7/7/2024, 1:40:08 PM&1421;v|60,26,10,21,31,0.00,"};
7/7/2024, 1:40:08 PM&1433;
7/7/2024, 1:40:58 PM&a42630a4-4927-4f11-be40-f303925978f6
7/7/2024, 1:41:58 PM&a42630a4-4927-4f11-be40-f303925978f6
7/7/2024, 1:42:58 PM&a42630a4-4927-4f11-be40-f303925978f6
7/7/2024, 1:43:58 PM&a42630a4-4927-4f11-be40-f303925978f6
7/7/2024, 1:44:58 PM&a42630a4-4927-4f11-be40-f303925978f6
7/7/2024, 1:45:09 PM&1421;v|60,25,10,20,30,0.00,"};
7/7/2024, 1:45:09 PM&1434;
7/7/2024, 1:45:58 PM&a42630a4-4927-4f11-be40-f303925978f6
7/7/2024, 1:46:58 PM&a42630a4-4927-4f11-be40-f303925978f6
7/7/2024, 1:47:58 PM&a42630a4-4927-4f11-be40-f303925978f6
7/7/2024, 1:48:58 PM&a42630a4-4927-4f11-be40-f303925978f6
7/7/2024, 1:49:58 PM&a42630a4-4927-4f11-be40-f303925978f6
7/7/2024, 1:50:10 PM&1421;v|61,25,10,20,31,0.00,"};
7/7/2024, 1:50:10 PM&1435;
7/7/2024, 1:50:58 PM&a42630a4-4927-4f11-be40-f303925978f6
7/7/2024, 1:51:58 PM&a42630a4-4927-4f11-be40-f303925978f6
7/7/2024, 1:52:58 PM&a42630a4-4927-4f11-be40-f303925978f6
7/7/2024, 1:53:58 PM&a42630a4-4927-4f11-be40-f303925978f6
7/7/2024, 1:54:58 PM&a42630a4-4927-4f11-be40-f303925978f6
7/7/2024, 1:55:10 PM&1421;v|60,26,11,20,30,0.00,"};
7/7/2024, 1:55:10 PM&1436;
7/7/2024, 1:55:58 PM&a42630a4-4927-4f11-be40-f303925978f6
7/7/2024, 1:56:58 PM&a42630a4-4927-4f11-be40-f303925978f6
7/7/2024, 1:57:58 PM&a42630a4-4927-4f11-be40-f303925978f6
7/7/2024, 1:58:58 PM&a42630a4-4927-4f11-be40-f303925978f6
7/7/2024, 1:59:58 PM&a42630a4-4927-4f11-be40-f303925978f6
7/7/2024, 2:00:11 PM&1421;v|61,25,11,21,31,0.00,"};
7/7/2024, 2:00:11 PM&1437;
7/7/2024, 2:00:58 PM&a42630a4-4927-4f11-be40-f303925978f6
7/7/2024, 2:01:58 PM&a42630a4-4927-4f11-be40-f303925978f6
7/7/2024, 2:02:58 PM&a42630a4-4927-4f11-be40-f303925978f6
7/7/2024, 2:03:58 PM&a42630a4-4927-4f11-be40-f303925978f6
7/7/2024, 2:04:58 PM&a42630a4-4927-4f11-be40-f303925978f6
7/7/2024, 2:05:12 PM&1421;v|61,25,11,21,31,0.00,"};
7/7/2024, 2:05:12 PM&1438;
7/7/2024, 2:05:58 PM&a42630a4-4927-4f11-be40-f303925978f6
7/7/2024, 2:06:58 PM&a42630a4-4927-4f11-be40-f303925978f6
7/7/2024, 2:07:58 PM&a42630a4-4927-4f11-be40-f303925978f6
7/7/2024, 2:08:58 PM&a42630a4-4927-4f11-be40-f303925978f6
7/7/2024, 2:09:58 PM&a42630a4-4927-4f11-be40-f303925978f6
7/7/2024, 2:10:13 PM&1421;v|61,25,11,21,31,0.00,"};
7/7/2024, 2:10:13 PM&1439;
7/7/2024, 2:10:58 PM&a42630a4-4927-4f11-be40-f303925978f6
7/7/2024, 2:11:58 PM&a42630a4-4927-4f11-be40-f303925978f6
7/7/2024, 2:12:58 PM&a42630a4-4927-4f11-be40-f303925978f6
7/7/2024, 2:13:58 PM&a42630a4-4927-4f11-be40-f303925978f6
7/7/2024, 2:14:58 PM&a42630a4-4927-4f11-be40-f303925978f6
7/7/2024, 2:15:13 PM&1421;v|60,25,10,21,31,0.00,"};
7/7/2024, 2:15:13 PM&1440;
7/7/2024, 2:15:58 PM&a42630a4-4927-4f11-be40-f303925978f6
7/7/2024, 2:16:58 PM&a42630a4-4927-4f11-be40-f303925978f6
7/7/2024, 2:17:58 PM&a42630a4-4927-4f11-be40-f303925978f6
7/7/2024, 2:18:58 PM&a42630a4-4927-4f11-be40-f303925978f6
7/7/2024, 2:19:58 PM&a42630a4-4927-4f11-be40-f303925978f6
7/7/2024, 2:20:14 PM&1421;v|61,25,10,21,30,0.00,"};
7/7/2024, 2:20:14 PM&1441;
7/7/2024, 2:20:58 PM&a42630a4-4927-4f11-be40-f303925978f6
7/7/2024, 2:21:58 PM&a42630a4-4927-4f11-be40-f303925978f6
7/7/2024, 2:22:58 PM&a42630a4-4927-4f11-be40-f303925978f6
7/7/2024, 2:23:58 PM&a42630a4-4927-4f11-be40-f303925978f6
7/7/2024, 2:24:58 PM&a42630a4-4927-4f11-be40-f303925978f6
7/7/2024, 2:25:15 PM&1421;v|61,25,11,20,31,0.00,"};
7/7/2024, 2:25:15 PM&1442;
7/7/2024, 2:25:58 PM&a42630a4-4927-4f11-be40-f303925978f6
7/7/2024, 2:26:58 PM&a42630a4-4927-4f11-be40-f303925978f6
7/7/2024, 2:27:58 PM&a42630a4-4927-4f11-be40-f303925978f6
7/7/2024, 2:28:58 PM&a42630a4-4927-4f11-be40-f303925978f6
7/7/2024, 2:29:58 PM&a42630a4-4927-4f11-be40-f303925978f6
7/7/2024, 2:30:15 PM&1421;1427;
7/7/2024, 2:30:15 PM&0
7/7/2024, 2:30:58 PM&a42630a4-4927-4f11-be40-f303925978f6
7/7/2024, 2:31:58 PM&a42630a4-4927-4f11-be40-f303925978f6
7/7/2024, 2:32:58 PM&a42630a4-4927-4f11-be40-f303925978f6
7/7/2024, 2:33:58 PM&a42630a4-4927-4f11-be40-f303925978f6
7/7/2024, 2:34:58 PM&a42630a4-4927-4f11-be40-f303925978f6
7/7/2024, 2:35:16 PM&1421;v|60,26,11,20,30,0.00,"};
7/7/2024, 2:35:16 PM&1443;
7/7/2024, 2:35:58 PM&a42630a4-4927-4f11-be40-f303925978f6
7/7/2024, 2:36:58 PM&a42630a4-4927-4f11-be40-f303925978f6
7/7/2024, 2:37:58 PM&a42630a4-4927-4f11-be40-f303925978f6
7/7/2024, 2:38:58 PM&a42630a4-4927-4f11-be40-f303925978f6
7/7/2024, 2:39:58 PM&a42630a4-4927-4f11-be40-f303925978f6
7/7/2024, 2:40:17 PM&1421;v|61,25,10,21,30,0.00,"};
7/7/2024, 2:40:17 PM&1444;
7/7/2024, 2:40:58 PM&a42630a4-4927-4f11-be40-f303925978f6
7/7/2024, 2:41:58 PM&a42630a4-4927-4f11-be40-f303925978f6
7/7/2024, 2:42:58 PM&a42630a4-4927-4f11-be40-f303925978f6
7/7/2024, 2:43:58 PM&a42630a4-4927-4f11-be40-f303925978f6
7/7/2024, 2:44:58 PM&a42630a4-4927-4f11-be40-f303925978f6
7/7/2024, 2:45:17 PM&1421;v|60,25,11,20,30,0.00,"};
7/7/2024, 2:45:18 PM&1445;
7/7/2024, 2:45:58 PM&a42630a4-4927-4f11-be40-f303925978f6
7/7/2024, 2:46:58 PM&a42630a4-4927-4f11-be40-f303925978f6
7/7/2024, 2:47:58 PM&a42630a4-4927-4f11-be40-f303925978f6
7/7/2024, 2:48:58 PM&a42630a4-4927-4f11-be40-f303925978f6
7/7/2024, 2:49:58 PM&a42630a4-4927-4f11-be40-f303925978f6
7/7/2024, 2:50:18 PM&1421;1427;
7/7/2024, 2:50:18 PM&0
7/7/2024, 2:50:58 PM&a42630a4-4927-4f11-be40-f303925978f6
7/7/2024, 2:51:58 PM&a42630a4-4927-4f11-be40-f303925978f6
7/7/2024, 2:52:58 PM&a42630a4-4927-4f11-be40-f303925978f6
7/7/2024, 2:53:58 PM&a42630a4-4927-4f11-be40-f303925978f6
7/7/2024, 2:54:58 PM&a42630a4-4927-4f11-be40-f303925978f6
7/7/2024, 2:55:19 PM&1421;v|60,26,11,21,30,0.00,"};
7/7/2024, 2:55:19 PM&1446;
7/7/2024, 2:55:58 PM&a42630a4-4927-4f11-be40-f303925978f6
7/7/2024, 2:56:58 PM&a42630a4-4927-4f11-be40-f303925978f6
7/7/2024, 2:57:58 PM&a42630a4-4927-4f11-be40-f303925978f6
7/7/2024, 2:58:58 PM&a42630a4-4927-4f11-be40-f303925978f6
7/7/2024, 2:59:58 PM&a42630a4-4927-4f11-be40-f303925978f6
7/7/2024, 3:00:20 PM&1421;v|61,26,10,20,30,0.00,"};
7/7/2024, 3:00:20 PM&1447;
7/7/2024, 3:00:58 PM&a42630a4-4927-4f11-be40-f303925978f6
7/7/2024, 3:01:58 PM&a42630a4-4927-4f11-be40-f303925978f6
7/7/2024, 3:02:58 PM&a42630a4-4927-4f11-be40-f303925978f6
7/7/2024, 3:03:58 PM&a42630a4-4927-4f11-be40-f303925978f6
7/7/2024, 3:04:58 PM&a42630a4-4927-4f11-be40-f303925978f6
7/7/2024, 3:05:20 PM&1421;v|60,26,10,20,31,0.00,"};
7/7/2024, 3:05:20 PM&1448;
7/7/2024, 3:05:58 PM&a42630a4-4927-4f11-be40-f303925978f6
7/7/2024, 3:06:58 PM&a42630a4-4927-4f11-be40-f303925978f6
7/7/2024, 3:07:58 PM&a42630a4-4927-4f11-be40-f303925978f6
7/7/2024, 3:08:58 PM&a42630a4-4927-4f11-be40-f303925978f6
7/7/2024, 3:09:58 PM&a42630a4-4927-4f11-be40-f303925978f6
7/7/2024, 3:10:21 PM&1421;v|61,25,11,20,31,0.00,"};
7/7/2024, 3:10:21 PM&1449;
7/7/2024, 3:10:58 PM&a42630a4-4927-4f11-be40-f303925978f6
7/7/2024, 3:11:58 PM&a42630a4-4927-4f11-be40-f303925978f6
7/7/2024, 3:12:58 PM&a42630a4-4927-4f11-be40-f303925978f6
7/7/2024, 3:13:58 PM&a42630a4-4927-4f11-be40-f303925978f6
7/7/2024, 3:14:58 PM&a42630a4-4927-4f11-be40-f303925978f6
7/7/2024, 3:15:22 PM&1421;v|60,25,11,20,30,0.00,"};
7/7/2024, 3:15:22 PM&1450;
7/7/2024, 3:15:58 PM&a42630a4-4927-4f11-be40-f303925978f6
7/7/2024, 3:16:58 PM&a42630a4-4927-4f11-be40-f303925978f6
7/7/2024, 3:17:58 PM&a42630a4-4927-4f11-be40-f303925978f6
7/7/2024, 3:18:58 PM&a42630a4-4927-4f11-be40-f303925978f6
7/7/2024, 3:19:58 PM&a42630a4-4927-4f11-be40-f303925978f6
7/7/2024, 3:20:22 PM&1421;v|61,25,10,20,30,0.00,"};
7/7/2024, 3:20:22 PM&1451;
7/7/2024, 3:20:25 PM&{"id": "7d80e4e0","data": "ht120;v|60,25,11,21,31,0.00,"};
7/7/2024, 3:20:25 PM&1452,1453;
7/7/2024, 3:20:58 PM&a42630a4-4927-4f11-be40-f303925978f6
7/7/2024, 3:21:58 PM&a42630a4-4927-4f11-be40-f303925978f6
7/7/2024, 3:22:58 PM&a42630a4-4927-4f11-be40-f303925978f6
7/7/2024, 3:23:58 PM&a42630a4-4927-4f11-be40-f303925978f6
7/7/2024, 3:24:58 PM&a42630a4-4927-4f11-be40-f303925978f6
7/7/2024, 3:25:27 PM&{"id": "7d80e4e0","data": "ht120;v|60,26,10,20,31,0.00,"};
7/7/2024, 3:25:27 PM&1455,1456;
7/7/2024, 3:25:58 PM&a42630a4-4927-4f11-be40-f303925978f6
7/7/2024, 3:26:58 PM&a42630a4-4927-4f11-be40-f303925978f6
7/7/2024, 3:27:58 PM&a42630a4-4927-4f11-be40-f303925978f6
7/7/2024, 3:28:58 PM&a42630a4-4927-4f11-be40-f303925978f6
7/7/2024, 3:29:58 PM&a42630a4-4927-4f11-be40-f303925978f6
7/7/2024, 3:30:27 PM&;v|61,26,10,20,31,0.00,"};
7/7/2024, 3:30:58 PM&a42630a4-4927-4f11-be40-f303925978f6
7/7/2024, 3:31:58 PM&a42630a4-4927-4f11-be40-f303925978f6
7/7/2024, 3:32:58 PM&a42630a4-4927-4f11-be40-f303925978f6
7/7/2024, 3:33:58 PM&a42630a4-4927-4f11-be40-f303925978f6
7/7/2024, 3:34:58 PM&a42630a4-4927-4f11-be40-f303925978f6
7/7/2024, 3:35:58 PM&a42630a4-4927-4f11-be40-f303925978f6
7/7/2024, 3:36:58 PM&a42630a4-4927-4f11-be40-f303925978f6
7/7/2024, 3:37:58 PM&a42630a4-4927-4f11-be40-f303925978f6
7/7/2024, 3:38:58 PM&a42630a4-4927-4f11-be40-f303925978f6
7/7/2024, 3:39:58 PM&a42630a4-4927-4f11-be40-f303925978f6
7/7/2024, 3:40:58 PM&a42630a4-4927-4f11-be40-f303925978f6
7/7/2024, 3:41:58 PM&a42630a4-4927-4f11-be40-f303925978f6
7/7/2024, 3:42:58 PM&a42630a4-4927-4f11-be40-f303925978f6
7/7/2024, 3:43:58 PM&a42630a4-4927-4f11-be40-f303925978f6
7/7/2024, 3:44:58 PM&a42630a4-4927-4f11-be40-f303925978f6
7/7/2024, 3:45:58 PM&a42630a4-4927-4f11-be40-f303925978f6
7/7/2024, 3:46:58 PM&a42630a4-4927-4f11-be40-f303925978f6
7/7/2024, 3:47:58 PM&a42630a4-4927-4f11-be40-f303925978f6
7/7/2024, 3:48:58 PM&a42630a4-4927-4f11-be40-f303925978f6
7/7/2024, 3:49:58 PM&a42630a4-4927-4f11-be40-f303925978f6
7/7/2024, 3:50:58 PM&a42630a4-4927-4f11-be40-f303925978f6
7/7/2024, 3:51:58 PM&a42630a4-4927-4f11-be40-f303925978f6
7/7/2024, 3:52:58 PM&a42630a4-4927-4f11-be40-f303925978f6
7/7/2024, 3:53:58 PM&a42630a4-4927-4f11-be40-f303925978f6
7/7/2024, 3:54:58 PM&a42630a4-4927-4f11-be40-f303925978f6
7/7/2024, 3:55:58 PM&a42630a4-4927-4f11-be40-f303925978f6
7/7/2024, 3:56:58 PM&a42630a4-4927-4f11-be40-f303925978f6
7/7/2024, 3:57:58 PM&a42630a4-4927-4f11-be40-f303925978f6
7/7/2024, 3:58:58 PM&a42630a4-4927-4f11-be40-f303925978f6
7/7/2024, 3:59:58 PM&a42630a4-4927-4f11-be40-f303925978f6
7/7/2024, 4:00:58 PM&a42630a4-4927-4f11-be40-f303925978f6
7/7/2024, 4:01:58 PM&a42630a4-4927-4f11-be40-f303925978f6
7/7/2024, 4:02:58 PM&a42630a4-4927-4f11-be40-f303925978f6
7/7/2024, 4:03:58 PM&a42630a4-4927-4f11-be40-f303925978f6
7/7/2024, 4:04:58 PM&a42630a4-4927-4f11-be40-f303925978f6
7/7/2024, 4:05:58 PM&a42630a4-4927-4f11-be40-f303925978f6
7/7/2024, 4:06:58 PM&a42630a4-4927-4f11-be40-f303925978f6
7/7/2024, 4:07:58 PM&a42630a4-4927-4f11-be40-f303925978f6
7/7/2024, 4:08:58 PM&a42630a4-4927-4f11-be40-f303925978f6
7/7/2024, 4:09:58 PM&a42630a4-4927-4f11-be40-f303925978f6
7/7/2024, 4:10:58 PM&a42630a4-4927-4f11-be40-f303925978f6
7/7/2024, 4:11:58 PM&a42630a4-4927-4f11-be40-f303925978f6
7/7/2024, 4:12:58 PM&a42630a4-4927-4f11-be40-f303925978f6
7/7/2024, 4:13:58 PM&a42630a4-4927-4f11-be40-f303925978f6
7/7/2024, 4:14:58 PM&a42630a4-4927-4f11-be40-f303925978f6
7/7/2024, 4:15:58 PM&a42630a4-4927-4f11-be40-f303925978f6
7/7/2024, 4:16:58 PM&a42630a4-4927-4f11-be40-f303925978f6
7/7/2024, 4:17:58 PM&a42630a4-4927-4f11-be40-f303925978f6
7/7/2024, 4:18:58 PM&a42630a4-4927-4f11-be40-f303925978f6
7/7/2024, 4:19:58 PM&a42630a4-4927-4f11-be40-f303925978f6
7/7/2024, 4:20:58 PM&a42630a4-4927-4f11-be40-f303925978f6
7/7/2024, 4:21:58 PM&a42630a4-4927-4f11-be40-f303925978f6
7/7/2024, 4:22:58 PM&a42630a4-4927-4f11-be40-f303925978f6
7/7/2024, 4:23:58 PM&a42630a4-4927-4f11-be40-f303925978f6
7/7/2024, 4:24:58 PM&a42630a4-4927-4f11-be40-f303925978f6
7/7/2024, 4:25:58 PM&a42630a4-4927-4f11-be40-f303925978f6
7/7/2024, 4:26:58 PM&a42630a4-4927-4f11-be40-f303925978f6
7/7/2024, 4:27:53 PM&c85e7441
7/7/2024, 4:27:53 PM&{"clientId":"c85e7441","subs":["node/c85e7441/prod/action"]}
7/7/2024, 4:27:54 PM&c85e7441
7/7/2024, 4:27:54 PM&{"clientId":"c85e7441","subs":[{"topic":"node/c85e7441/prod/action","qos":2}]}
7/7/2024, 4:27:58 PM&a42630a4-4927-4f11-be40-f303925978f6
7/7/2024, 4:28:05 PM&{"id": "7d80e4e0","data": "ht120;v|60,25,11,21,31,0.00,"};
7/7/2024, 4:28:05 PM&1460,1461;
7/7/2024, 4:28:58 PM&a42630a4-4927-4f11-be40-f303925978f6
7/7/2024, 4:29:58 PM&a42630a4-4927-4f11-be40-f303925978f6
7/7/2024, 4:30:58 PM&a42630a4-4927-4f11-be40-f303925978f6
7/7/2024, 4:31:58 PM&a42630a4-4927-4f11-be40-f303925978f6
7/7/2024, 4:32:58 PM&a42630a4-4927-4f11-be40-f303925978f6
7/7/2024, 4:33:06 PM&{"id": "7d80e4e0","data": "ht120;v|60,26,10,20,31,0.00,"};
7/7/2024, 4:33:06 PM&1463,1464;
7/7/2024, 4:33:08 PM&{"id": "7d80e4e0","data": "ht120;v|60,25,11,21,31,0.00,"};
7/7/2024, 4:33:08 PM&1466,1467;
7/7/2024, 4:33:58 PM&a42630a4-4927-4f11-be40-f303925978f6
7/7/2024, 4:34:58 PM&a42630a4-4927-4f11-be40-f303925978f6
7/7/2024, 4:35:58 PM&a42630a4-4927-4f11-be40-f303925978f6
7/7/2024, 4:36:58 PM&a42630a4-4927-4f11-be40-f303925978f6
7/7/2024, 4:37:58 PM&a42630a4-4927-4f11-be40-f303925978f6
7/7/2024, 4:38:09 PM&{"id": "7d80e4e0","data": "ht120;v|60,26,10,20,31,0.00,"};
7/7/2024, 4:38:09 PM&1469,1470;
7/7/2024, 4:38:58 PM&a42630a4-4927-4f11-be40-f303925978f6
7/7/2024, 4:39:58 PM&a42630a4-4927-4f11-be40-f303925978f6
7/7/2024, 4:40:58 PM&a42630a4-4927-4f11-be40-f303925978f6
7/7/2024, 4:41:58 PM&a42630a4-4927-4f11-be40-f303925978f6
7/7/2024, 4:42:58 PM&a42630a4-4927-4f11-be40-f303925978f6
7/7/2024, 4:43:09 PM&1466;v|61,26,10,20,31,0.00,"};
7/7/2024, 4:43:09 PM&1472;
7/7/2024, 4:43:11 PM&{"id": "7d80e4e0","data": "ht120;v|60,25,11,21,31,0.00,"};
7/7/2024, 4:43:11 PM&1473,1474;
7/7/2024, 4:43:58 PM&a42630a4-4927-4f11-be40-f303925978f6
7/7/2024, 4:44:58 PM&a42630a4-4927-4f11-be40-f303925978f6
7/7/2024, 4:45:58 PM&a42630a4-4927-4f11-be40-f303925978f6
7/7/2024, 4:46:58 PM&a42630a4-4927-4f11-be40-f303925978f6
7/7/2024, 4:47:58 PM&a42630a4-4927-4f11-be40-f303925978f6
7/7/2024, 4:48:12 PM&{"id": "7d80e4e0","data": "ht120;v|60,26,10,20,31,0.00,"};
7/7/2024, 4:48:12 PM&1476,1477;
7/7/2024, 4:48:58 PM&a42630a4-4927-4f11-be40-f303925978f6
7/7/2024, 4:49:58 PM&a42630a4-4927-4f11-be40-f303925978f6
7/7/2024, 4:50:58 PM&a42630a4-4927-4f11-be40-f303925978f6
7/7/2024, 4:51:58 PM&a42630a4-4927-4f11-be40-f303925978f6
7/7/2024, 4:52:58 PM&a42630a4-4927-4f11-be40-f303925978f6
7/7/2024, 4:53:12 PM&1473;v|61,26,10,20,31,0.00,"};
7/7/2024, 4:53:12 PM&1479;
7/7/2024, 4:53:58 PM&a42630a4-4927-4f11-be40-f303925978f6
7/7/2024, 4:54:58 PM&a42630a4-4927-4f11-be40-f303925978f6
7/7/2024, 4:55:58 PM&a42630a4-4927-4f11-be40-f303925978f6
7/7/2024, 4:56:58 PM&a42630a4-4927-4f11-be40-f303925978f6
7/7/2024, 4:57:58 PM&a42630a4-4927-4f11-be40-f303925978f6
7/7/2024, 4:58:14 PM&{"id": "7d80e4e0","data": "ht120;v|60,26,10,20,31,0.00,"};
7/7/2024, 4:58:14 PM&1480,1481;
7/7/2024, 4:58:16 PM&{"id": "7d80e4e0","data": "ht120;v|60,25,11,21,31,0.00,"};
7/7/2024, 4:58:16 PM&1483,1484;
7/7/2024, 4:58:18 PM&{"id": "7d80e4e0","data": "ht120;v|60,25,11,21,31,0.00,"};
7/7/2024, 4:58:18 PM&1486,1487;
7/7/2024, 4:58:20 PM&{"id": "7d80e4e0","data": "ht120;v|60,25,11,21,31,0.00,"};
7/7/2024, 4:58:20 PM&1489,1490;
7/7/2024, 4:58:58 PM&a42630a4-4927-4f11-be40-f303925978f6
7/7/2024, 4:59:58 PM&a42630a4-4927-4f11-be40-f303925978f6
7/7/2024, 5:00:58 PM&a42630a4-4927-4f11-be40-f303925978f6
7/7/2024, 5:01:58 PM&a42630a4-4927-4f11-be40-f303925978f6
7/7/2024, 5:02:58 PM&a42630a4-4927-4f11-be40-f303925978f6
7/7/2024, 5:03:21 PM&{"id": "7d80e4e0","data": "ht120;v|60,26,10,20,31,0.00,"};
7/7/2024, 5:03:21 PM&1492,1493;
7/7/2024, 5:03:23 PM&{"id": "7d80e4e0","data": "ht120;v|60,25,11,21,31,0.00,"};
7/7/2024, 5:03:23 PM&1495,1496;
7/7/2024, 5:03:58 PM&a42630a4-4927-4f11-be40-f303925978f6
7/7/2024, 5:04:58 PM&a42630a4-4927-4f11-be40-f303925978f6
7/7/2024, 5:05:58 PM&a42630a4-4927-4f11-be40-f303925978f6
7/7/2024, 5:06:58 PM&a42630a4-4927-4f11-be40-f303925978f6
7/7/2024, 5:07:58 PM&a42630a4-4927-4f11-be40-f303925978f6
7/7/2024, 5:08:23 PM&{"id": "7d80e4e0","data": "ht120;v|60,26,10,20,31,0.00,"};
7/7/2024, 5:08:24 PM&1498,1499;
7/7/2024, 5:08:58 PM&a42630a4-4927-4f11-be40-f303925978f6
7/7/2024, 5:09:58 PM&a42630a4-4927-4f11-be40-f303925978f6
7/7/2024, 5:10:58 PM&a42630a4-4927-4f11-be40-f303925978f6
7/7/2024, 5:11:58 PM&a42630a4-4927-4f11-be40-f303925978f6
7/7/2024, 5:12:58 PM&a42630a4-4927-4f11-be40-f303925978f6
7/7/2024, 5:13:24 PM&1495;v|61,26,10,20,31,0.00,"};
7/7/2024, 5:13:24 PM&1501;
7/7/2024, 5:13:26 PM&{"id": "7d80e4e0","data": "ht120;v|60,25,11,21,31,0.00,"};
7/7/2024, 5:13:26 PM&1502,1503;
7/7/2024, 5:13:58 PM&a42630a4-4927-4f11-be40-f303925978f6
7/7/2024, 5:14:58 PM&a42630a4-4927-4f11-be40-f303925978f6
7/7/2024, 5:15:58 PM&a42630a4-4927-4f11-be40-f303925978f6
7/7/2024, 5:16:58 PM&a42630a4-4927-4f11-be40-f303925978f6
7/7/2024, 5:17:58 PM&a42630a4-4927-4f11-be40-f303925978f6
7/7/2024, 5:18:28 PM&{"id": "7d80e4e0","data": "ht120;v|60,26,10,20,31,0.00,"};
7/7/2024, 5:18:28 PM&1505,1506;
7/7/2024, 5:18:58 PM&a42630a4-4927-4f11-be40-f303925978f6
7/7/2024, 5:19:58 PM&a42630a4-4927-4f11-be40-f303925978f6
7/7/2024, 5:20:58 PM&a42630a4-4927-4f11-be40-f303925978f6
7/7/2024, 5:21:58 PM&a42630a4-4927-4f11-be40-f303925978f6
7/7/2024, 5:22:58 PM&a42630a4-4927-4f11-be40-f303925978f6
7/7/2024, 5:23:28 PM&;v|61,26,10,20,31,0.00,"};
7/7/2024, 5:23:58 PM&a42630a4-4927-4f11-be40-f303925978f6
7/7/2024, 5:24:58 PM&a42630a4-4927-4f11-be40-f303925978f6
7/7/2024, 5:25:58 PM&a42630a4-4927-4f11-be40-f303925978f6
7/7/2024, 5:26:58 PM&a42630a4-4927-4f11-be40-f303925978f6
7/7/2024, 5:27:58 PM&a42630a4-4927-4f11-be40-f303925978f6
7/7/2024, 5:28:58 PM&a42630a4-4927-4f11-be40-f303925978f6
7/7/2024, 5:29:58 PM&a42630a4-4927-4f11-be40-f303925978f6
7/7/2024, 5:30:58 PM&a42630a4-4927-4f11-be40-f303925978f6
7/7/2024, 5:31:58 PM&a42630a4-4927-4f11-be40-f303925978f6
7/7/2024, 5:32:58 PM&a42630a4-4927-4f11-be40-f303925978f6
7/7/2024, 5:33:58 PM&a42630a4-4927-4f11-be40-f303925978f6
7/7/2024, 5:34:58 PM&a42630a4-4927-4f11-be40-f303925978f6
7/7/2024, 5:35:58 PM&a42630a4-4927-4f11-be40-f303925978f6
7/7/2024, 5:36:57 PM&c85e7441
7/7/2024, 5:36:57 PM&{"clientId":"c85e7441","subs":["node/c85e7441/prod/action"]}
7/7/2024, 5:36:58 PM&a42630a4-4927-4f11-be40-f303925978f6
7/7/2024, 5:37:58 PM&a42630a4-4927-4f11-be40-f303925978f6
7/7/2024, 5:38:20 PM&c85e7441
7/7/2024, 5:38:20 PM&{"clientId":"c85e7441","subs":[{"topic":"node/c85e7441/prod/action","qos":2}]}
7/7/2024, 5:38:27 PM&{"id": "7d80e4e0","data": "ht120;v|60,25,11,21,31,0.00,"};
7/7/2024, 5:38:27 PM&1510,1511;
7/7/2024, 5:38:32 PM&{"id": "7d80e4e0","data": "ht120;v|60,26,10,20,31,0.00,"};
7/7/2024, 5:38:32 PM&1513,1514;
7/7/2024, 5:38:38 PM&1510;v|61,26,10,20,31,0.00,"};
7/7/2024, 5:38:38 PM&1516;
7/7/2024, 5:38:43 PM&1510;v|61,26,10,20,31,0.00,"};
7/7/2024, 5:38:43 PM&1517;
7/7/2024, 5:38:49 PM&1510;v|60,25,10,21,31,0.00,"};
7/7/2024, 5:38:49 PM&1518;
7/7/2024, 5:38:54 PM&1510;v|60,26,11,20,30,0.00,"};
7/7/2024, 5:38:54 PM&1519;
7/7/2024, 5:38:58 PM&a42630a4-4927-4f11-be40-f303925978f6
7/7/2024, 5:39:00 PM&1510;v|61,26,11,21,31,0.00,"};
7/7/2024, 5:39:00 PM&1520;
7/7/2024, 5:39:05 PM&1510;v|60,26,11,20,31,0.00,"};
7/7/2024, 5:39:05 PM&1521;
7/7/2024, 5:39:11 PM&1510;v|60,26,10,21,31,0.00,"};
7/7/2024, 5:39:11 PM&1522;
7/7/2024, 5:39:16 PM&1510;v|60,25,10,20,30,0.00,"};
7/7/2024, 5:39:16 PM&1523;
7/7/2024, 5:39:22 PM&1510;v|61,25,10,20,31,0.00,"};
7/7/2024, 5:39:22 PM&1524;
7/7/2024, 5:39:27 PM&1510;v|60,26,11,20,30,0.00,"};
7/7/2024, 5:39:27 PM&1525;
7/7/2024, 5:39:33 PM&1510;v|61,25,11,21,31,0.00,"};
7/7/2024, 5:39:33 PM&1526;
7/7/2024, 5:39:38 PM&1510;v|61,25,11,21,31,0.00,"};
7/7/2024, 5:39:38 PM&1527;
7/7/2024, 5:39:44 PM&1510;v|61,25,11,21,31,0.00,"};
7/7/2024, 5:39:44 PM&1528;
7/7/2024, 5:39:49 PM&1510;v|60,25,10,21,31,0.00,"};
7/7/2024, 5:39:49 PM&1529;
7/7/2024, 5:39:55 PM&1510;v|61,25,10,21,30,0.00,"};
7/7/2024, 5:39:55 PM&1530;
7/7/2024, 5:39:58 PM&a42630a4-4927-4f11-be40-f303925978f6
7/7/2024, 5:40:01 PM&1510;v|61,25,11,20,31,0.00,"};
7/7/2024, 5:40:01 PM&1531;
7/7/2024, 5:40:06 PM&1510;1516;
7/7/2024, 5:40:06 PM&0
7/7/2024, 5:40:12 PM&1510;v|60,26,11,20,30,0.00,"};
7/7/2024, 5:40:12 PM&1532;
7/7/2024, 5:40:14 PM&c85e7441
7/7/2024, 5:40:14 PM&{"clientId":"c85e7441","subs":["node/c85e7441/prod/action"]}
7/7/2024, 5:40:58 PM&a42630a4-4927-4f11-be40-f303925978f6
7/7/2024, 5:41:31 PM&c85e7441
7/7/2024, 5:41:31 PM&{"clientId":"c85e7441","subs":[{"topic":"node/c85e7441/prod/action","qos":2}]}
7/7/2024, 5:41:37 PM&{"id": "7d80e4e0","data": "ht120;v|60,25,11,21,31,0.00,"};
7/7/2024, 5:41:37 PM&1533,1534;
7/7/2024, 5:41:38 PM&{"id": "7d80e4e0","data": "ht120;v|60,25,11,21,31,0.00,"};
7/7/2024, 5:41:38 PM&1536,1537;
7/7/2024, 5:41:40 PM&{"id": "7d80e4e0","data": "ht120;v|60,25,11,21,31,0.00,"};
7/7/2024, 5:41:40 PM&1539,1540;
7/7/2024, 5:41:42 PM&{"id": "7d80e4e0","data": "ht120;v|60,25,11,21,31,0.00,"};
7/7/2024, 5:41:42 PM&1542,1543;
7/7/2024, 5:41:44 PM&{"id": "7d80e4e0","data": "ht120;v|60,25,11,21,31,0.00,"};
7/7/2024, 5:41:44 PM&1545,1546;
7/7/2024, 5:41:47 PM&{"id": "7d80e4e0","data": "ht120;v|60,25,11,21,31,0.00,"};
7/7/2024, 5:41:47 PM&1548,1549;
7/7/2024, 5:41:49 PM&{"id": "7d80e4e0","data": "ht120;v|60,25,11,21,31,0.00,"};
7/7/2024, 5:41:49 PM&1551,1552;
7/7/2024, 5:41:51 PM&{"id": "7d80e4e0","data": "ht120;v|60,25,11,21,31,0.00,"};
7/7/2024, 5:41:51 PM&1554,1555;
7/7/2024, 5:41:53 PM&{"id": "7d80e4e0","data": "ht120;v|60,25,11,21,31,0.00,"};
7/7/2024, 5:41:53 PM&1557,1558;
7/7/2024, 5:41:55 PM&{"id": "7d80e4e0","data": "ht120;v|60,25,11,21,31,0.00,"};
7/7/2024, 5:41:55 PM&1560,1561;
7/7/2024, 5:41:57 PM&{"id": "7d80e4e0","data": "ht120;v|60,25,11,21,31,0.00,"};
7/7/2024, 5:41:57 PM&1563,1564;
7/7/2024, 5:41:58 PM&a42630a4-4927-4f11-be40-f303925978f6
7/7/2024, 5:41:59 PM&{"id": "7d80e4e0","data": "ht120;v|60,25,11,21,31,0.00,"};
7/7/2024, 5:41:59 PM&1566,1567;
7/7/2024, 5:42:01 PM&{"id": "7d80e4e0","data": "ht120;v|60,25,11,21,31,0.00,"};
7/7/2024, 5:42:01 PM&1569,1570;
7/7/2024, 5:42:03 PM&{"id": "7d80e4e0","data": "ht120;v|60,25,11,21,31,0.00,"};
7/7/2024, 5:42:03 PM&1572,1573;
7/7/2024, 5:42:05 PM&{"id": "7d80e4e0","data": "ht120;v|60,25,11,21,31,0.00,"};
7/7/2024, 5:42:05 PM&1575,1576;
7/7/2024, 5:42:05 PM&c85e7441
7/7/2024, 5:42:05 PM&{"clientId":"c85e7441","subs":["node/c85e7441/prod/action"]}
7/7/2024, 5:42:58 PM&a42630a4-4927-4f11-be40-f303925978f6
7/7/2024, 5:43:58 PM&a42630a4-4927-4f11-be40-f303925978f6
7/7/2024, 5:44:29 PM&c85e7441
7/7/2024, 5:44:29 PM&{"clientId":"c85e7441","subs":[{"topic":"node/c85e7441/prod/action","qos":2}]}
7/7/2024, 5:44:52 PM&{"id": "7d80e4e0","data": "ht120;v|60,25,11,21,31,0.00,"};
7/7/2024, 5:44:52 PM&1578,1579;
7/7/2024, 5:44:53 PM&{"id": "7d80e4e0","data": "ht120;v|60,25,11,21,31,0.00,"};
7/7/2024, 5:44:53 PM&1581,1582;
7/7/2024, 5:44:55 PM&{"id": "7d80e4e0","data": "ht120;v|60,25,11,21,31,0.00,"};
7/7/2024, 5:44:55 PM&1584,1585;
7/7/2024, 5:44:57 PM&{"id": "7d80e4e0","data": "ht120;v|60,25,11,21,31,0.00,"};
7/7/2024, 5:44:57 PM&1587,1588;
7/7/2024, 5:44:58 PM&a42630a4-4927-4f11-be40-f303925978f6
7/7/2024, 5:45:00 PM&{"id": "7d80e4e0","data": "ht120;v|60,25,11,21,31,0.00,"};
7/7/2024, 5:45:00 PM&1590,1591;
7/7/2024, 5:45:02 PM&{"id": "7d80e4e0","data": "ht120;v|60,25,11,21,31,0.00,"};
7/7/2024, 5:45:02 PM&1593,1594;
7/7/2024, 5:45:18 PM&{"id": "7d80e4e0","data": "ht120;v|60,25,11,21,31,0.00,"};
7/7/2024, 5:45:18 PM&1596,1597;
7/7/2024, 5:45:20 PM&{"id": "7d80e4e0","data": "ht120;v|60,25,11,21,31,0.00,"};
7/7/2024, 5:45:20 PM&1599,1600;
7/7/2024, 5:45:22 PM&{"id": "7d80e4e0","data": "ht120;v|60,25,11,21,31,0.00,"};
7/7/2024, 5:45:22 PM&1602,1603;
7/7/2024, 5:45:24 PM&{"id": "7d80e4e0","data": "ht120;v|60,25,11,21,31,0.00,"};
7/7/2024, 5:45:24 PM&1605,1606;
7/7/2024, 5:45:26 PM&{"id": "7d80e4e0","data": "ht120;v|60,25,11,21,31,0.00,"};
7/7/2024, 5:45:26 PM&1608,1609;
7/7/2024, 5:45:28 PM&{"id": "7d80e4e0","data": "ht120;v|60,25,11,21,31,0.00,"};
7/7/2024, 5:45:28 PM&1611,1612;
7/7/2024, 5:45:30 PM&{"id": "7d80e4e0","data": "ht120;v|60,25,11,21,31,0.00,"};
7/7/2024, 5:45:30 PM&1614,1615;
7/7/2024, 5:45:32 PM&{"id": "7d80e4e0","data": "ht120;v|60,25,11,21,31,0.00,"};
7/7/2024, 5:45:32 PM&1617,1618;
7/7/2024, 5:45:34 PM&{"id": "7d80e4e0","data": "ht120;v|60,25,11,21,31,0.00,"};
7/7/2024, 5:45:34 PM&1620,1621;
7/7/2024, 5:45:36 PM&{"id": "7d80e4e0","data": "ht120;v|60,25,11,21,31,0.00,"};
7/7/2024, 5:45:36 PM&1623,1624;
7/7/2024, 5:45:38 PM&{"id": "7d80e4e0","data": "ht120;v|60,25,11,21,31,0.00,"};
7/7/2024, 5:45:38 PM&1626,1627;
7/7/2024, 5:45:40 PM&{"id": "7d80e4e0","data": "ht120;v|60,25,11,21,31,0.00,"};
7/7/2024, 5:45:40 PM&1629,1630;
7/7/2024, 5:45:42 PM&{"id": "7d80e4e0","data": "ht120;v|60,25,11,21,31,0.00,"};
7/7/2024, 5:45:42 PM&1632,1633;
7/7/2024, 5:45:44 PM&{"id": "7d80e4e0","data": "ht120;v|60,25,11,21,31,0.00,"};
7/7/2024, 5:45:44 PM&1635,1636;
7/7/2024, 5:45:50 PM&{"id": "7d80e4e0","data": "ht120;v|60,25,11,21,31,0.00,"};
7/7/2024, 5:45:50 PM&1638,1639;
7/7/2024, 5:45:52 PM&{"id": "7d80e4e0","data": "ht120;v|60,25,11,21,31,0.00,"};
7/7/2024, 5:45:52 PM&1641,1642;
7/7/2024, 5:45:54 PM&{"id": "7d80e4e0","data": "ht120;v|60,25,11,21,31,0.00,"};
7/7/2024, 5:45:54 PM&1644,1645;
7/7/2024, 5:45:58 PM&a42630a4-4927-4f11-be40-f303925978f6
7/7/2024, 5:46:01 PM&{"id": "7d80e4e0","data": "ht120;v|60,25,11,21,31,0.00,"};
7/7/2024, 5:46:01 PM&1647,1648;
7/7/2024, 5:46:58 PM&a42630a4-4927-4f11-be40-f303925978f6
7/7/2024, 5:47:43 PM&{"id": "7d80e4e0","data": "ht120;v|60,25,11,21,31,0.00,"};
7/7/2024, 5:47:43 PM&1650,1651;
7/7/2024, 5:47:58 PM&a42630a4-4927-4f11-be40-f303925978f6
7/7/2024, 5:48:58 PM&a42630a4-4927-4f11-be40-f303925978f6
7/7/2024, 5:49:54 PM&{"id": "7d80e4e0","data": "ht120;v|60,25,11,21,31,0.00,"};
7/7/2024, 5:49:54 PM&1653,1654;
7/7/2024, 5:49:58 PM&a42630a4-4927-4f11-be40-f303925978f6
7/7/2024, 5:50:58 PM&a42630a4-4927-4f11-be40-f303925978f6
7/7/2024, 5:51:58 PM&a42630a4-4927-4f11-be40-f303925978f6
7/7/2024, 5:52:58 PM&a42630a4-4927-4f11-be40-f303925978f6
7/7/2024, 5:53:58 PM&a42630a4-4927-4f11-be40-f303925978f6
7/7/2024, 5:54:54 PM&{"id": "7d80e4e0","data": "ht120;v|60,26,10,20,31,0.00,"};
7/7/2024, 5:54:54 PM&1656,1657;
7/7/2024, 5:54:58 PM&a42630a4-4927-4f11-be40-f303925978f6
7/7/2024, 5:55:58 PM&a42630a4-4927-4f11-be40-f303925978f6
7/7/2024, 5:56:58 PM&a42630a4-4927-4f11-be40-f303925978f6
7/7/2024, 5:57:58 PM&a42630a4-4927-4f11-be40-f303925978f6
7/7/2024, 5:58:58 PM&a42630a4-4927-4f11-be40-f303925978f6
7/7/2024, 5:59:55 PM&1653;v|61,26,10,20,31,0.00,"};
7/7/2024, 5:59:55 PM&1659;
7/7/2024, 5:59:58 PM&a42630a4-4927-4f11-be40-f303925978f6
7/7/2024, 6:00:58 PM&a42630a4-4927-4f11-be40-f303925978f6
7/7/2024, 6:01:58 PM&a42630a4-4927-4f11-be40-f303925978f6
7/7/2024, 6:02:58 PM&a42630a4-4927-4f11-be40-f303925978f6
7/7/2024, 6:03:58 PM&a42630a4-4927-4f11-be40-f303925978f6
7/7/2024, 6:04:56 PM&1653;v|61,26,10,20,31,0.00,"};
7/7/2024, 6:04:56 PM&1660;
7/7/2024, 6:04:58 PM&a42630a4-4927-4f11-be40-f303925978f6
7/7/2024, 6:05:58 PM&a42630a4-4927-4f11-be40-f303925978f6
7/7/2024, 6:06:58 PM&a42630a4-4927-4f11-be40-f303925978f6
7/7/2024, 6:07:58 PM&a42630a4-4927-4f11-be40-f303925978f6
7/7/2024, 6:08:58 PM&a42630a4-4927-4f11-be40-f303925978f6
7/7/2024, 6:09:56 PM&1653;v|60,25,10,21,31,0.00,"};
7/7/2024, 6:09:56 PM&1661;
7/7/2024, 6:09:58 PM&a42630a4-4927-4f11-be40-f303925978f6
7/7/2024, 6:10:58 PM&a42630a4-4927-4f11-be40-f303925978f6
7/7/2024, 6:11:58 PM&a42630a4-4927-4f11-be40-f303925978f6
7/7/2024, 6:12:58 PM&a42630a4-4927-4f11-be40-f303925978f6
7/7/2024, 6:13:58 PM&a42630a4-4927-4f11-be40-f303925978f6
7/7/2024, 6:14:57 PM&1653;v|60,26,11,20,30,0.00,"};
7/7/2024, 6:14:57 PM&1662;
7/7/2024, 6:14:58 PM&a42630a4-4927-4f11-be40-f303925978f6
7/7/2024, 6:14:59 PM&{"id": "7d80e4e0","data": "ht120;v|60,25,11,21,31,0.00,"};
7/7/2024, 6:14:59 PM&1663,1664;
7/7/2024, 6:15:01 PM&{"id": "7d80e4e0","data": "ht120;v|60,25,11,21,31,0.00,"};
7/7/2024, 6:15:01 PM&1666,1667;
7/7/2024, 6:15:04 PM&{"id": "7d80e4e0","data": "ht120;v|60,25,11,21,31,0.00,"};
7/7/2024, 6:15:04 PM&1669,1670;
7/7/2024, 6:15:06 PM&{"id": "7d80e4e0","data": "ht120;v|60,25,11,21,31,0.00,"};
7/7/2024, 6:15:06 PM&1672,1673;
7/7/2024, 6:15:08 PM&{"id": "7d80e4e0","data": "ht120;v|60,25,11,21,31,0.00,"};
7/7/2024, 6:15:08 PM&1675,1676;
7/7/2024, 6:15:11 PM&{"id": "7d80e4e0","data": "ht120;v|60,25,11,21,31,0.00,"};
7/7/2024, 6:15:11 PM&1678,1679;
7/7/2024, 6:15:12 PM&{"id": "7d80e4e0","data": "ht120;v|60,25,11,21,31,0.00,"};
7/7/2024, 6:15:12 PM&1681,1682;
7/7/2024, 6:15:15 PM&{"id": "7d80e4e0","data": "ht120;v|60,25,11,21,31,0.00,"};
7/7/2024, 6:15:15 PM&1684,1685;
7/7/2024, 6:15:16 PM&{"id": "7d80e4e0","data": "ht120;v|60,25,11,21,31,0.00,"};
7/7/2024, 6:15:16 PM&1687,1688;
7/7/2024, 6:15:17 PM&{"id": "7d80e4e0","data": "ht120;v|60,25,11,21,31,0.00,"};
7/7/2024, 6:15:17 PM&1690,1691;
7/7/2024, 6:15:19 PM&{"id": "7d80e4e0","data": "ht120;v|60,25,11,21,31,0.00,"};
7/7/2024, 6:15:19 PM&1693,1694;
7/7/2024, 6:15:21 PM&{"id": "7d80e4e0","data": "ht120;v|60,25,11,21,31,0.00,"};
7/7/2024, 6:15:21 PM&1696,1697;
7/7/2024, 6:15:23 PM&{"id": "7d80e4e0","data": "ht120;v|60,25,11,21,31,0.00,"};
7/7/2024, 6:15:23 PM&1699,1700;
7/7/2024, 6:15:25 PM&{"id": "7d80e4e0","data": "ht120;v|60,25,11,21,31,0.00,"};
7/7/2024, 6:15:25 PM&1702,1703;
7/7/2024, 6:15:27 PM&{"id": "7d80e4e0","data": "ht120;v|60,25,11,21,31,0.00,"};
7/7/2024, 6:15:27 PM&1705,1706;
7/7/2024, 6:15:29 PM&{"id": "7d80e4e0","data": "ht120;v|60,25,11,21,31,0.00,"};
7/7/2024, 6:15:29 PM&1708,1709;
7/7/2024, 6:15:58 PM&a42630a4-4927-4f11-be40-f303925978f6
7/7/2024, 6:16:58 PM&a42630a4-4927-4f11-be40-f303925978f6
7/7/2024, 6:17:58 PM&a42630a4-4927-4f11-be40-f303925978f6
7/7/2024, 6:18:58 PM&a42630a4-4927-4f11-be40-f303925978f6
7/7/2024, 6:19:58 PM&a42630a4-4927-4f11-be40-f303925978f6
7/7/2024, 6:20:30 PM&{"id": "7d80e4e0","data": "ht120;v|60,26,10,20,31,0.00,"};
7/7/2024, 6:20:30 PM&1711,1712;
7/7/2024, 6:20:58 PM&a42630a4-4927-4f11-be40-f303925978f6
7/7/2024, 6:21:58 PM&a42630a4-4927-4f11-be40-f303925978f6
7/7/2024, 6:22:58 PM&a42630a4-4927-4f11-be40-f303925978f6
7/7/2024, 6:23:58 PM&a42630a4-4927-4f11-be40-f303925978f6
7/7/2024, 6:24:58 PM&a42630a4-4927-4f11-be40-f303925978f6
7/7/2024, 6:25:58 PM&a42630a4-4927-4f11-be40-f303925978f6
7/7/2024, 6:26:58 PM&a42630a4-4927-4f11-be40-f303925978f6
7/7/2024, 6:27:51 PM&{"id": "7d80e4e0","data": "ht120;v|60,25,11,21,31,0.00,"};
7/7/2024, 6:27:51 PM&1714,1715;
7/7/2024, 6:27:58 PM&{"id": "7d80e4e0","data": "ht120;v|60,25,11,21,31,0.00,"};
7/7/2024, 6:27:58 PM&1717,1718;
7/7/2024, 6:27:58 PM&a42630a4-4927-4f11-be40-f303925978f6
7/7/2024, 6:28:58 PM&a42630a4-4927-4f11-be40-f303925978f6
7/7/2024, 6:29:58 PM&a42630a4-4927-4f11-be40-f303925978f6
7/7/2024, 6:30:58 PM&a42630a4-4927-4f11-be40-f303925978f6
7/7/2024, 6:31:58 PM&a42630a4-4927-4f11-be40-f303925978f6
7/7/2024, 6:32:58 PM&a42630a4-4927-4f11-be40-f303925978f6
7/7/2024, 6:32:59 PM&{"id": "7d80e4e0","data": "ht120;v|60,26,10,20,31,0.00,"};
7/7/2024, 6:32:59 PM&1720,1721;
7/7/2024, 6:33:58 PM&a42630a4-4927-4f11-be40-f303925978f6
7/7/2024, 6:34:58 PM&a42630a4-4927-4f11-be40-f303925978f6
7/7/2024, 6:35:58 PM&a42630a4-4927-4f11-be40-f303925978f6
7/7/2024, 6:36:58 PM&a42630a4-4927-4f11-be40-f303925978f6
7/7/2024, 6:37:58 PM&a42630a4-4927-4f11-be40-f303925978f6
7/7/2024, 6:37:59 PM&1717;v|61,26,10,20,31,0.00,"};
7/7/2024, 6:37:59 PM&1723;
7/7/2024, 6:38:58 PM&a42630a4-4927-4f11-be40-f303925978f6
7/7/2024, 6:39:58 PM&a42630a4-4927-4f11-be40-f303925978f6
7/7/2024, 6:40:58 PM&a42630a4-4927-4f11-be40-f303925978f6
7/7/2024, 6:41:58 PM&a42630a4-4927-4f11-be40-f303925978f6
7/7/2024, 6:42:58 PM&a42630a4-4927-4f11-be40-f303925978f6
7/7/2024, 6:43:00 PM&1717;v|61,26,10,20,31,0.00,"};
7/7/2024, 6:43:00 PM&1724;
7/7/2024, 6:43:58 PM&a42630a4-4927-4f11-be40-f303925978f6
7/7/2024, 6:44:58 PM&a42630a4-4927-4f11-be40-f303925978f6
7/7/2024, 6:45:58 PM&a42630a4-4927-4f11-be40-f303925978f6
7/7/2024, 6:46:58 PM&a42630a4-4927-4f11-be40-f303925978f6
7/7/2024, 6:47:17 PM& 
7/7/2024, 6:47:33 PM&c85e7441
7/7/2024, 6:47:33 PM&{"clientId":"c85e7441","subs":["node/c85e7441/prod/action"]}
7/7/2024, 6:47:39 PM&c85e7441
7/7/2024, 6:47:39 PM&{"clientId":"c85e7441","subs":[{"topic":"node/c85e7441/prod/action","qos":2}]}
7/7/2024, 6:47:58 PM&a42630a4-4927-4f11-be40-f303925978f6
7/7/2024, 6:48:14 PM&{"id": "7d80e4e0","data": "ht120;v|60,25,11,21,31,0.00,"};
7/7/2024, 6:48:14 PM&1725,1726;
7/7/2024, 6:48:16 PM&{"id": "7d80e4e0","data": "ht120;v|60,25,11,21,31,0.00,"};
7/7/2024, 6:48:16 PM&1728,1729;
7/7/2024, 6:48:21 PM&{"id": "7d80e4e0","data": "ht120;v|60,26,10,20,31,0.00,"};
7/7/2024, 6:48:22 PM&1731,1732;
7/7/2024, 6:48:27 PM&1728;v|61,26,10,20,31,0.00,"};
7/7/2024, 6:48:27 PM&1734;
7/7/2024, 6:48:32 PM&1728;v|61,26,10,20,31,0.00,"};
7/7/2024, 6:48:32 PM&1735;
7/7/2024, 6:48:38 PM&1728;v|60,25,10,21,31,0.00,"};
7/7/2024, 6:48:38 PM&1736;
7/7/2024, 6:48:43 PM&1728;v|60,26,11,20,30,0.00,"};
7/7/2024, 6:48:43 PM&1737;
7/7/2024, 6:48:49 PM&1728;v|61,26,11,21,31,0.00,"};
7/7/2024, 6:48:49 PM&1738;
7/7/2024, 6:48:54 PM&1728;v|60,26,11,20,31,0.00,"};
7/7/2024, 6:48:55 PM&1739;
7/7/2024, 6:48:58 PM&a42630a4-4927-4f11-be40-f303925978f6
7/7/2024, 6:49:00 PM&1728;v|60,26,10,21,31,0.00,"};
7/7/2024, 6:49:00 PM&1740;
7/7/2024, 6:49:06 PM&1728;v|60,25,10,20,30,0.00,"};
7/7/2024, 6:49:06 PM&1741;
7/7/2024, 6:49:11 PM&1728;v|61,25,10,20,31,0.00,"};
7/7/2024, 6:49:11 PM&1742;
7/7/2024, 6:49:17 PM&1728;v|60,26,11,20,30,0.00,"};
7/7/2024, 6:49:17 PM&1743;
7/7/2024, 6:49:22 PM&1728;v|61,25,11,21,31,0.00,"};
7/7/2024, 6:49:22 PM&1744;
7/7/2024, 6:49:28 PM&1728;v|61,25,11,21,31,0.00,"};
7/7/2024, 6:49:28 PM&1745;
7/7/2024, 6:49:33 PM&1728;v|61,25,11,21,31,0.00,"};
7/7/2024, 6:49:33 PM&1746;
7/7/2024, 6:49:39 PM&1728;v|60,25,10,21,31,0.00,"};
7/7/2024, 6:49:39 PM&1747;
7/7/2024, 6:49:44 PM&1728;v|61,25,10,21,30,0.00,"};
7/7/2024, 6:49:44 PM&1748;
7/7/2024, 6:49:50 PM&1728;v|61,25,11,20,31,0.00,"};
7/7/2024, 6:49:50 PM&1749;
7/7/2024, 6:49:55 PM&1728;1734;
7/7/2024, 6:49:55 PM&0
7/7/2024, 6:49:58 PM&a42630a4-4927-4f11-be40-f303925978f6
7/7/2024, 6:50:01 PM&1728;v|60,26,11,20,30,0.00,"};
7/7/2024, 6:50:01 PM&1750;
7/7/2024, 6:50:06 PM&1728;v|61,25,10,21,30,0.00,"};
7/7/2024, 6:50:06 PM&1751;
7/7/2024, 6:50:12 PM&1728;v|60,25,11,20,30,0.00,"};
7/7/2024, 6:50:12 PM&1752;
7/7/2024, 6:50:17 PM&1728;1734;
7/7/2024, 6:50:17 PM&0
7/7/2024, 6:50:21 PM&c85e7441
7/7/2024, 6:50:21 PM&{"clientId":"c85e7441","subs":["node/c85e7441/prod/action"]}
7/7/2024, 6:50:22 PM&c85e7441
7/7/2024, 6:50:22 PM&{"clientId":"c85e7441","subs":[{"topic":"node/c85e7441/prod/action","qos":2}]}
7/7/2024, 6:50:23 PM&1728;v|60,26,11,21,30,0.00,"};
7/7/2024, 6:50:23 PM&1753;
7/7/2024, 6:50:25 PM&{"id": "7d80e4e0","data": "ht120;v|60,25,11,21,31,0.00,"};
7/7/2024, 6:50:25 PM&1754,1755;
7/7/2024, 6:50:31 PM&{"id": "7d80e4e0","data": "ht120;v|60,26,10,20,31,0.00,"};
7/7/2024, 6:50:31 PM&1757,1758;
7/7/2024, 6:50:36 PM&1754;v|61,26,10,20,31,0.00,"};
7/7/2024, 6:50:36 PM&1760;
7/7/2024, 6:50:39 PM&{"id": "7d80e4e0","data": "ht120;v|60,25,11,21,31,0.00,"};
7/7/2024, 6:50:39 PM&1761,1762;
7/7/2024, 6:50:44 PM&{"id": "7d80e4e0","data": "ht120;v|60,26,10,20,31,0.00,"};
7/7/2024, 6:50:44 PM&1764,1765;
7/7/2024, 6:50:50 PM&1761;v|61,26,10,20,31,0.00,"};
7/7/2024, 6:50:50 PM&1767;
7/7/2024, 6:50:55 PM&1761;v|61,26,10,20,31,0.00,"};
7/7/2024, 6:50:55 PM&1768;
7/7/2024, 6:50:58 PM&a42630a4-4927-4f11-be40-f303925978f6
7/7/2024, 6:51:01 PM&1761;v|60,25,10,21,31,0.00,"};
7/7/2024, 6:51:01 PM&1769;
7/7/2024, 6:51:06 PM&1761;v|60,26,11,20,30,0.00,"};
7/7/2024, 6:51:06 PM&1770;
7/7/2024, 6:51:12 PM&1761;v|61,26,11,21,31,0.00,"};
7/7/2024, 6:51:12 PM&1771;
7/7/2024, 6:51:17 PM&1761;v|60,26,11,20,31,0.00,"};
7/7/2024, 6:51:17 PM&1772;
7/7/2024, 6:51:21 PM&c85e7441
7/7/2024, 6:51:21 PM&{"clientId":"c85e7441","subs":["node/c85e7441/prod/action"]}
7/7/2024, 6:51:22 PM&c85e7441
7/7/2024, 6:51:22 PM&{"clientId":"c85e7441","subs":[{"topic":"node/c85e7441/prod/action","qos":2}]}
7/7/2024, 6:51:23 PM&1761;v|60,26,10,21,31,0.00,"};
7/7/2024, 6:51:23 PM&1773;
7/7/2024, 6:51:28 PM&1761;v|60,25,10,20,30,0.00,"};
7/7/2024, 6:51:28 PM&1774;
7/7/2024, 6:51:34 PM&1761;v|61,25,10,20,31,0.00,"};
7/7/2024, 6:51:34 PM&1775;
7/7/2024, 6:51:42 PM&{"id": "7d80e4e0","data": "ht120;v|60,25,11,21,31,0.00,"};
7/7/2024, 6:51:42 PM&1776,1777;
7/7/2024, 6:51:45 PM&{"id": "7d80e4e0","data": "ht120;v|60,25,11,21,31,0.00,"};
7/7/2024, 6:51:45 PM&1779,1780;
7/7/2024, 6:51:50 PM&{"id": "7d80e4e0","data": "ht120;v|60,26,10,20,31,0.00,"};
7/7/2024, 6:51:50 PM&1782,1783;
7/7/2024, 6:51:56 PM&1779;v|61,26,10,20,31,0.00,"};
7/7/2024, 6:51:56 PM&1785;
7/7/2024, 6:51:58 PM&a42630a4-4927-4f11-be40-f303925978f6
7/7/2024, 6:52:01 PM&1779;v|61,26,10,20,31,0.00,"};
7/7/2024, 6:52:01 PM&1786;
7/7/2024, 6:52:07 PM&1779;v|60,25,10,21,31,0.00,"};
7/7/2024, 6:52:07 PM&1787;
7/7/2024, 6:52:12 PM&1779;v|60,26,11,20,30,0.00,"};
7/7/2024, 6:52:12 PM&1788;
7/7/2024, 6:52:18 PM&1779;v|61,26,11,21,31,0.00,"};
7/7/2024, 6:52:18 PM&1789;
7/7/2024, 6:52:28 PM&{"id": "7d80e4e0","data": "ht120;v|60,25,11,21,31,0.00,"};
7/7/2024, 6:52:28 PM&1790,1791;
7/7/2024, 6:52:30 PM&{"id": "7d80e4e0","data": "ht120;v|60,25,11,21,31,0.00,"};
7/7/2024, 6:52:30 PM&1793,1794;
7/7/2024, 6:52:38 PM&{"id": "7d80e4e0","data": "ht120;v|60,26,10,20,31,0.00,"};
7/7/2024, 6:52:38 PM&1796,1797;
7/7/2024, 6:52:46 PM&1796;v|61,26,10,20,31,0.00,"};
7/7/2024, 6:52:46 PM&1799;
7/7/2024, 6:52:54 PM&1796;v|61,26,10,20,31,0.00,"};
7/7/2024, 6:52:54 PM&1800;
7/7/2024, 6:52:58 PM&a42630a4-4927-4f11-be40-f303925978f6
7/7/2024, 6:53:02 PM&1796;v|60,25,10,21,31,0.00,"};
7/7/2024, 6:53:02 PM&1801;
7/7/2024, 6:53:10 PM&1796;v|60,26,11,20,30,0.00,"};
7/7/2024, 6:53:10 PM&1802;
7/7/2024, 6:53:18 PM&1796;v|61,26,11,21,31,0.00,"};
7/7/2024, 6:53:18 PM&1803;
7/7/2024, 6:53:26 PM&1796;v|60,26,11,20,31,0.00,"};
7/7/2024, 6:53:26 PM&1804;
7/7/2024, 6:53:34 PM&1796;v|60,26,10,21,31,0.00,"};
7/7/2024, 6:53:34 PM&1805;
7/7/2024, 6:53:42 PM&1796;v|60,25,10,20,30,0.00,"};
7/7/2024, 6:53:42 PM&1806;
7/7/2024, 6:53:50 PM&1796;v|61,25,10,20,31,0.00,"};
7/7/2024, 6:53:50 PM&1807;
7/7/2024, 6:53:58 PM&a42630a4-4927-4f11-be40-f303925978f6
7/7/2024, 6:53:58 PM&1796;v|60,26,11,20,30,0.00,"};
7/7/2024, 6:53:59 PM&1808;
7/7/2024, 6:54:07 PM&1796;v|61,25,11,21,31,0.00,"};
7/7/2024, 6:54:07 PM&1809;
7/7/2024, 6:54:15 PM&1796;v|61,25,11,21,31,0.00,"};
7/7/2024, 6:54:15 PM&1810;
7/7/2024, 6:54:23 PM&1796;v|61,25,11,21,31,0.00,"};
7/7/2024, 6:54:23 PM&1811;
7/7/2024, 6:54:31 PM&1796;v|60,25,10,21,31,0.00,"};
7/7/2024, 6:54:31 PM&1812;
7/7/2024, 6:54:39 PM&1796;v|61,25,10,21,30,0.00,"};
7/7/2024, 6:54:39 PM&1813;
7/7/2024, 6:54:47 PM&1796;v|61,25,11,20,31,0.00,"};
7/7/2024, 6:54:47 PM&1814;
7/7/2024, 6:54:55 PM&1796;1800;
7/7/2024, 6:54:55 PM&0
7/7/2024, 6:54:58 PM&a42630a4-4927-4f11-be40-f303925978f6
7/7/2024, 6:55:03 PM&1796;v|60,26,11,20,30,0.00,"};
7/7/2024, 6:55:03 PM&1815;
7/7/2024, 6:55:11 PM&1796;v|61,25,10,21,30,0.00,"};
7/7/2024, 6:55:11 PM&1816;
7/7/2024, 6:55:19 PM&1796;v|60,25,11,20,30,0.00,"};
7/7/2024, 6:55:19 PM&1817;
7/7/2024, 6:55:27 PM&1796;1800;
7/7/2024, 6:55:27 PM&0
7/7/2024, 6:55:35 PM&1796;v|60,26,11,21,30,0.00,"};
7/7/2024, 6:55:35 PM&1818;
7/7/2024, 6:55:56 PM&c85e7441
7/7/2024, 6:55:58 PM&c85e7441
7/7/2024, 6:55:58 PM&{"id": "7d80e4e0","data": "ht120;v|60,25,11,21,31,0.00,"};
7/7/2024, 6:55:58 PM&1819,1820;
7/7/2024, 6:57:01 PM&c85e7441
7/7/2024, 6:58:17 PM&c85e7441
7/7/2024, 6:59:34 PM&c85e7441
7/7/2024, 6:59:37 PM&c85e7441
7/7/2024, 7:01:26 PM&c85e7441
7/7/2024, 7:01:28 PM&c85e7441
7/7/2024, 7:02:28 PM&b3551425-126e-492b-ba55-2f2cecfb8f19
7/7/2024, 7:03:28 PM&b3551425-126e-492b-ba55-2f2cecfb8f19
7/7/2024, 7:05:35 PM&{"id": "7d80e4e0","data": "ht120;v|60,25,11,21,31,0.00,"};
7/7/2024, 7:05:43 PM&{"id": "7d80e4e0","data": "ht120;v|60,26,10,20,31,0.00,"};
7/7/2024, 7:05:51 PM&1824;v|61,26,10,20,31,0.00,"};
7/7/2024, 7:05:59 PM&1824;v|61,26,10,20,31,0.00,"};
7/7/2024, 7:06:07 PM&1824;v|60,25,10,21,31,0.00,"};
7/7/2024, 7:06:15 PM&1824;v|60,26,11,20,30,0.00,"};
7/7/2024, 7:06:23 PM&1824;v|61,26,11,21,31,0.00,"};
7/7/2024, 7:06:31 PM&1824;v|60,26,11,20,31,0.00,"};
7/7/2024, 7:06:39 PM&1824;v|60,26,10,21,31,0.00,"};
7/7/2024, 7:06:47 PM&1824;v|60,25,10,20,30,0.00,"};
7/7/2024, 7:06:55 PM&1824;v|61,25,10,20,31,0.00,"};
7/7/2024, 7:07:03 PM&1824;v|60,26,11,20,30,0.00,"};
7/7/2024, 7:07:11 PM&1824;v|61,25,11,21,31,0.00,"};
7/7/2024, 7:07:19 PM&1824;v|61,25,11,21,31,0.00,"};
7/7/2024, 7:07:27 PM&1824;v|61,25,11,21,31,0.00,"};
7/7/2024, 7:07:35 PM&1824;v|60,25,10,21,31,0.00,"};
7/7/2024, 7:07:45 PM&{"id": "7d80e4e0","data": "ht120;v|60,25,11,21,31,0.00,"};
7/7/2024, 7:07:47 PM&{"id": "7d80e4e0","data": "ht120;v|60,25,11,21,31,0.00,"};
7/7/2024, 7:07:57 PM&{"id": "7d80e4e0","data": "ht120;v|60,26,10,20,31,0.00,"};
7/7/2024, 7:08:07 PM&1844;v|61,26,10,20,31,0.00,"};
7/7/2024, 7:08:17 PM&1844;v|61,26,10,20,31,0.00,"};
7/7/2024, 7:08:27 PM&1844;v|60,25,10,21,31,0.00,"};
7/7/2024, 7:08:37 PM&1844;v|60,26,11,20,30,0.00,"};
7/7/2024, 7:08:47 PM&1844;v|61,26,11,21,31,0.00,"};
7/7/2024, 7:08:57 PM&1844;v|60,26,11,20,31,0.00,"};
7/7/2024, 7:09:07 PM&1844;v|60,26,10,21,31,0.00,"};
7/7/2024, 7:09:17 PM&1844;v|60,25,10,20,30,0.00,"};
7/7/2024, 7:09:27 PM&1844;v|61,25,10,20,31,0.00,"};
7/7/2024, 7:09:37 PM&1844;v|60,26,11,20,30,0.00,"};
7/7/2024, 7:09:47 PM&1844;v|61,25,11,21,31,0.00,"};
7/7/2024, 7:09:57 PM&1844;v|61,25,11,21,31,0.00,"};
7/7/2024, 7:10:07 PM&1844;v|61,25,11,21,31,0.00,"};
7/7/2024, 7:10:17 PM&1844;v|60,25,10,21,31,0.00,"};
7/7/2024, 7:10:27 PM&1844;v|61,25,10,21,30,0.00,"};
7/7/2024, 7:10:37 PM&1844;v|61,25,11,20,31,0.00,"};
7/7/2024, 7:10:47 PM&1844;1847;
7/7/2024, 7:10:57 PM&1844;v|60,26,11,20,30,0.00,"};
7/7/2024, 7:11:11 PM&{"id": "7d80e4e0","data": "ht120;v|60,25,11,21,31,0.00,"};
7/7/2024, 7:11:12 PM&64; 
7/7/2024, 7:11:46 PM&{"id": "7d80e4e0","data": "ht120;v|60,25,11,21,31,0.00,"};
7/7/2024, 7:11:56 PM&{"id": "7d80e4e0","data": "ht120;v|60,26,10,20,31,0.00,"};
7/7/2024, 7:12:06 PM&1867;v|61,26,10,20,31,0.00,"};
7/7/2024, 7:12:16 PM&1867;v|61,26,10,20,31,0.00,"};
7/7/2024, 7:12:26 PM&1867;v|60,25,10,21,31,0.00,"};
7/7/2024, 7:12:36 PM&1867;v|60,26,11,20,30,0.00,"};
7/7/2024, 7:12:46 PM&1867;v|61,26,11,21,31,0.00,"};
7/7/2024, 7:12:56 PM&1867;v|60,26,11,20,31,0.00,"};
7/7/2024, 7:13:06 PM&1867;v|60,26,10,21,31,0.00,"};
7/7/2024, 7:13:16 PM&1867;v|60,25,10,20,30,0.00,"};
7/7/2024, 7:13:26 PM&1867;v|61,25,10,20,31,0.00,"};
7/7/2024, 7:13:36 PM&1867;v|60,26,11,20,30,0.00,"};
7/7/2024, 7:13:46 PM&1867;v|61,25,11,21,31,0.00,"};
7/7/2024, 7:13:56 PM&1867;v|61,25,11,21,31,0.00,"};
7/7/2024, 7:14:06 PM&1867;v|61,25,11,21,31,0.00,"};
7/7/2024, 7:14:16 PM&1867;v|60,25,10,21,31,0.00,"};
7/7/2024, 7:14:26 PM&1867;v|61,25,10,21,30,0.00,"};
7/7/2024, 7:14:36 PM&1867;v|61,25,11,20,31,0.00,"};
7/7/2024, 7:14:46 PM&1867;1870;
7/7/2024, 7:14:56 PM&1867;v|60,26,11,20,30,0.00,"};
7/7/2024, 7:15:06 PM&1867;v|61,25,10,21,30,0.00,"};
7/7/2024, 7:15:16 PM&1867;v|60,25,11,20,30,0.00,"};
7/7/2024, 7:15:26 PM&1867;1870;
7/7/2024, 7:15:36 PM&1867;v|60,26,11,21,30,0.00,"};
7/7/2024, 7:15:46 PM&1867;v|61,26,10,20,30,0.00,"};
7/7/2024, 7:15:55 PM&{"id": "7d80e4e0","data": "ht120;v|60,25,11,21,31,0.00,"};
7/7/2024, 7:15:57 PM&{"id": "7d80e4e0","data": "ht120;v|60,25,11,21,31,0.00,"};
7/7/2024, 7:16:08 PM&{"id": "7d80e4e0","data": "ht120;v|60,26,10,20,31,0.00,"};
7/7/2024, 7:16:18 PM&1894;v|61,26,10,20,31,0.00,"};
7/7/2024, 7:16:28 PM&1894;v|61,26,10,20,31,0.00,"};
7/7/2024, 7:16:31 PM&{"id": "7d80e4e0","data": "ht120;v|60,25,11,21,31,0.00,"};
7/7/2024, 7:16:42 PM&{"id": "7d80e4e0","data": "ht120;v|60,26,10,20,31,0.00,"};
7/7/2024, 7:16:51 PM&1900;v|61,26,10,20,31,0.00,"};
7/7/2024, 7:17:02 PM&1900;v|61,26,10,20,31,0.00,"};
7/7/2024, 7:17:12 PM&1900;v|60,25,10,21,31,0.00,"};
7/7/2024, 7:17:22 PM&1900;v|60,26,11,20,30,0.00,"};
7/7/2024, 7:17:32 PM&1900;v|61,26,11,21,31,0.00,"};
7/7/2024, 7:17:42 PM&1900;v|60,26,11,20,31,0.00,"};
7/7/2024, 7:17:52 PM&1900;v|60,26,10,21,31,0.00,"};
7/7/2024, 7:18:02 PM&1900;v|60,25,10,20,30,0.00,"};
7/7/2024, 7:18:12 PM&1900;v|61,25,10,20,31,0.00,"};
7/7/2024, 7:18:22 PM&1900;v|60,26,11,20,30,0.00,"};
7/7/2024, 7:18:32 PM&1900;v|61,25,11,21,31,0.00,"};
7/7/2024, 7:18:43 PM&1900;v|61,25,11,21,31,0.00,"};
7/7/2024, 7:18:48 PM&{"id": "7d80e4e0","data": "ht120;v|60,25,11,21,31,0.00,"};
7/7/2024, 7:18:57 PM&{"id": "7d80e4e0","data": "ht120;v|60,25,11,21,31,0.00,"};
7/7/2024, 7:19:00 PM&{"id": "7d80e4e0","data": "ht120;v|60,25,11,21,31,0.00,"};
7/7/2024, 7:19:10 PM&{"id": "7d80e4e0","data": "ht120;v|60,26,10,20,31,0.00,"};
7/7/2024, 7:19:20 PM&1920;v|61,26,10,20,31,0.00,"};
7/7/2024, 7:19:30 PM&1920;v|61,26,10,20,31,0.00,"};
7/7/2024, 7:19:41 PM&1920;v|60,25,10,21,31,0.00,"};
7/7/2024, 7:19:51 PM&1920;v|60,26,11,20,30,0.00,"};
7/7/2024, 7:19:58 PM&{"id": "7d80e4e0","data": "ht120;v|60,25,11,21,31,0.00,"};
7/7/2024, 7:20:01 PM&{"id": "7d80e4e0","data": "ht120;v|60,25,11,21,31,0.00,"};
7/7/2024, 7:20:11 PM&{"id": "7d80e4e0","data": "ht120;v|60,26,10,20,31,0.00,"};
7/7/2024, 7:20:21 PM&1930;v|61,26,10,20,31,0.00,"};
7/7/2024, 7:20:31 PM&1930;v|61,26,10,20,31,0.00,"};
7/7/2024, 7:20:41 PM&1930;v|60,25,10,21,31,0.00,"};
7/7/2024, 7:20:51 PM&1930;v|60,26,11,20,30,0.00,"};
7/7/2024, 7:21:01 PM&1930;v|61,26,11,21,31,0.00,"};
7/7/2024, 7:21:12 PM&1930;v|60,26,11,20,31,0.00,"};
7/7/2024, 7:21:22 PM&1930;v|60,26,10,21,31,0.00,"};
7/7/2024, 7:21:32 PM&1930;v|60,25,10,20,30,0.00,"};
7/7/2024, 7:21:42 PM&1930;v|61,25,10,20,31,0.00,"};
7/7/2024, 7:21:52 PM&1930;v|60,26,11,20,30,0.00,"};
7/7/2024, 7:22:02 PM&1930;v|61,25,11,21,31,0.00,"};
7/7/2024, 7:22:13 PM&{"id": "7d80e4e0","data": "ht120;v|60,25,11,21,31,0.00,"};
7/7/2024, 7:22:21 PM&{"id": "7d80e4e0","data": "ht120;v|60,25,11,21,31,0.00,"};
7/7/2024, 7:22:23 PM&{"id": "7d80e4e0","data": "ht120;v|60,25,11,21,31,0.00,"};
7/7/2024, 7:22:33 PM&{"id": "7d80e4e0","data": "ht120;v|60,26,10,20,31,0.00,"};
7/7/2024, 7:22:43 PM&1949;v|61,26,10,20,31,0.00,"};
7/7/2024, 7:22:53 PM&1949;v|61,26,10,20,31,0.00,"};
7/7/2024, 7:23:03 PM&1949;v|60,25,10,21,31,0.00,"};
7/7/2024, 7:23:13 PM&1949;v|60,26,11,20,30,0.00,"};
7/7/2024, 7:23:24 PM&1949;v|61,26,11,21,31,0.00,"};
7/7/2024, 7:23:34 PM&1949;v|60,26,11,20,31,0.00,"};
7/7/2024, 7:23:44 PM&1949;v|60,26,10,21,31,0.00,"};
7/7/2024, 7:23:54 PM&1949;v|60,25,10,20,30,0.00,"};
7/7/2024, 7:24:04 PM&1949;v|61,25,10,20,31,0.00,"};
7/7/2024, 7:24:14 PM&1949;v|60,26,11,20,30,0.00,"};
7/7/2024, 7:24:25 PM&1949;v|61,25,11,21,31,0.00,"};
7/7/2024, 7:24:35 PM&1949;v|61,25,11,21,31,0.00,"};
7/7/2024, 7:24:45 PM&1949;v|61,25,11,21,31,0.00,"};
7/7/2024, 7:24:55 PM&1949;v|60,25,10,21,31,0.00,"};
7/7/2024, 7:25:01 PM&{"id": "7d80e4e0","data": "ht120;v|60,25,11,21,31,0.00,"};
7/7/2024, 7:25:03 PM&{"id": "7d80e4e0","data": "ht120;v|60,25,11,21,31,0.00,"};
7/7/2024, 7:25:13 PM&{"id": "7d80e4e0","data": "ht120;v|60,26,10,20,31,0.00,"};
7/7/2024, 7:25:23 PM&1969;v|61,26,10,20,31,0.00,"};
7/7/2024, 7:25:33 PM&1969;v|61,26,10,20,31,0.00,"};
7/7/2024, 7:25:44 PM&1969;v|60,25,10,21,31,0.00,"};
7/7/2024, 7:25:54 PM&1969;v|60,26,11,20,30,0.00,"};
7/7/2024, 7:26:04 PM&1969;v|61,26,11,21,31,0.00,"};
7/7/2024, 7:26:17 PM&{"id": "7d80e4e0","data": "ht120;v|60,25,11,21,31,0.00,"};
7/7/2024, 7:26:20 PM&{"id": "7d80e4e0","data": "ht120;v|60,25,11,21,31,0.00,"};
7/7/2024, 7:26:30 PM&{"id": "7d80e4e0","data": "ht120;v|60,26,10,20,31,0.00,"};
7/7/2024, 7:26:40 PM&1980;v|61,26,10,20,31,0.00,"};
7/7/2024, 7:26:50 PM&1980;v|61,26,10,20,31,0.00,"};
7/7/2024, 7:27:00 PM&1980;v|60,25,10,21,31,0.00,"};
7/7/2024, 7:27:10 PM&1980;v|60,26,11,20,30,0.00,"};
7/7/2024, 7:27:20 PM&1980;v|61,26,11,21,31,0.00,"};
7/7/2024, 7:27:31 PM&1980;v|60,26,11,20,31,0.00,"};
7/7/2024, 7:27:41 PM&1980;v|60,26,10,21,31,0.00,"};
7/7/2024, 7:27:51 PM&1980;v|60,25,10,20,30,0.00,"};
7/7/2024, 7:28:01 PM&1980;v|61,25,10,20,31,0.00,"};
7/7/2024, 7:28:11 PM&1980;v|60,26,11,20,30,0.00,"};
7/7/2024, 7:28:26 PM&{"id": "7d80e4e0","data": "ht120;v|60,25,11,21,31,0.00,"};
7/7/2024, 7:28:28 PM&{"id": "7d80e4e0","data": "ht120;v|60,25,11,21,31,0.00,"};
7/7/2024, 7:28:38 PM&{"id": "7d80e4e0","data": "ht120;v|60,26,10,20,31,0.00,"};
7/7/2024, 7:28:48 PM&1996;v|61,26,10,20,31,0.00,"};
7/7/2024, 7:28:58 PM&1996;v|61,26,10,20,31,0.00,"};
7/7/2024, 7:29:09 PM&1996;v|60,25,10,21,31,0.00,"};
7/7/2024, 7:29:19 PM&1996;v|60,26,11,20,30,0.00,"};
7/7/2024, 7:29:29 PM&1996;v|61,26,11,21,31,0.00,"};
7/7/2024, 7:29:39 PM&1996;v|60,26,11,20,31,0.00,"};
7/7/2024, 7:29:49 PM&1996;v|60,26,10,21,31,0.00,"};
7/7/2024, 7:29:59 PM&1996;v|60,25,10,20,30,0.00,"};
7/7/2024, 7:30:09 PM&1996;v|61,25,10,20,31,0.00,"};
7/7/2024, 7:30:21 PM&1996;v|60,26,11,20,30,0.00,"};
7/7/2024, 7:30:30 PM&1996;v|61,25,11,21,31,0.00,"};
7/7/2024, 7:30:40 PM&1996;v|61,25,11,21,31,0.00,"};
7/7/2024, 7:30:50 PM&1996;v|61,25,11,21,31,0.00,"};
7/7/2024, 7:31:00 PM&1996;v|60,25,10,21,31,0.00,"};
7/7/2024, 7:31:17 PM&1996;v|61,25,10,21,30,0.00,"};
7/7/2024, 7:31:23 PM&1996;v|61,25,11,20,31,0.00,"};
7/7/2024, 7:31:31 PM&1996;1999;
7/7/2024, 7:31:42 PM&1996;v|60,26,11,20,30,0.00,"};
7/7/2024, 7:31:51 PM&1996;v|61,25,10,21,30,0.00,"};
7/7/2024, 7:32:01 PM&1996;v|60,25,11,20,30,0.00,"};
7/7/2024, 7:32:11 PM&1996;1999;
7/7/2024, 7:32:21 PM&1996;v|60,26,11,21,30,0.00,"};
7/7/2024, 7:32:30 PM&{"id": "7d80e4e0","data": "ht120;v|60,25,11,21,31,0.00,"};
7/7/2024, 7:32:32 PM&{"id": "7d80e4e0","data": "ht120;v|60,25,11,21,31,0.00,"};
7/7/2024, 7:32:42 PM&{"id": "7d80e4e0","data": "ht120;v|60,26,10,20,31,0.00,"};
7/7/2024, 7:32:52 PM&2022;v|61,26,10,20,31,0.00,"};
7/7/2024, 7:33:02 PM&2022;v|61,26,10,20,31,0.00,"};
7/7/2024, 7:33:13 PM&2022;v|60,25,10,21,31,0.00,"};
7/7/2024, 7:33:23 PM&2022;v|60,26,11,20,30,0.00,"};
7/7/2024, 7:33:33 PM&2022;v|61,26,11,21,31,0.00,"};
7/7/2024, 7:33:43 PM&2022;v|60,26,11,20,31,0.00,"};
7/7/2024, 7:33:53 PM&2022;v|60,26,10,21,31,0.00,"};
7/7/2024, 7:34:04 PM&2022;v|60,25,10,20,30,0.00,"};
7/7/2024, 7:34:14 PM&2022;v|61,25,10,20,31,0.00,"};
7/7/2024, 7:34:24 PM&2022;v|60,26,11,20,30,0.00,"};
7/7/2024, 7:34:34 PM&2022;v|61,25,11,21,31,0.00,"};
7/7/2024, 7:34:45 PM&2022;v|61,25,11,21,31,0.00,"};
7/7/2024, 7:34:55 PM&2022;v|61,25,11,21,31,0.00,"};
7/7/2024, 7:35:05 PM&2022;v|60,25,10,21,31,0.00,"};
7/7/2024, 7:35:15 PM&2022;v|61,25,10,21,30,0.00,"};
7/7/2024, 7:35:25 PM&2022;v|61,25,11,20,31,0.00,"};
7/7/2024, 7:35:36 PM&2022;2025;
7/7/2024, 7:35:46 PM&2022;v|60,26,11,20,30,0.00,"};
7/7/2024, 7:35:56 PM&{"id": "7d80e4e0","data": "ht120;v|60,25,11,21,31,0.00,"};
7/7/2024, 7:35:57 PM&42;
7/7/2024, 7:36:25 PM&{"id": "7d80e4e0","data": "ht120;v|60,25,11,21,31,0.00,"};
7/7/2024, 7:36:36 PM&{"id": "7d80e4e0","data": "ht120;v|60,26,10,20,31,0.00,"};
7/7/2024, 7:36:46 PM&2045;v|61,26,10,20,31,0.00,"};
7/7/2024, 7:36:56 PM&2045;v|61,26,10,20,31,0.00,"};
7/7/2024, 7:37:06 PM&2045;v|60,25,10,21,31,0.00,"};
7/7/2024, 7:37:17 PM&2045;v|60,26,11,20,30,0.00,"};
7/7/2024, 7:37:27 PM&2045;v|61,26,11,21,31,0.00,"};
7/7/2024, 7:37:37 PM&2045;v|60,26,11,20,31,0.00,"};
7/7/2024, 7:37:47 PM&2045;v|60,26,10,21,31,0.00,"};
7/7/2024, 7:37:58 PM&2045;v|60,25,10,20,30,0.00,"};
7/7/2024, 7:38:11 PM&{"id": "7d80e4e0","data": "ht120;v|60,25,11,21,31,0.00,"};
7/7/2024, 7:38:13 PM&{"id": "7d80e4e0","data": "ht120;v|60,25,11,21,31,0.00,"};
7/7/2024, 7:38:23 PM&2057;v|60,26,10,20,31,0.00,"};
7/7/2024, 7:38:34 PM&2057;v|61,26,10,20,31,0.00,"};
7/7/2024, 7:38:44 PM&2057;2060;
7/7/2024, 7:38:54 PM&2057;v|60,25,10,21,31,0.00,"};
7/7/2024, 7:39:04 PM&2057;v|60,26,11,20,30,0.00,"};
7/7/2024, 7:39:14 PM&2057;v|61,26,11,21,31,0.00,"};
7/7/2024, 7:39:25 PM&2057;v|60,26,11,20,31,0.00,"};
7/7/2024, 7:39:35 PM&2057;v|60,26,10,21,31,0.00,"};
7/7/2024, 7:39:45 PM&2057;v|60,25,10,20,30,0.00,"};
7/7/2024, 7:39:55 PM&2057;v|61,25,10,20,31,0.00,"};
7/7/2024, 7:40:05 PM&2057;2062;
7/7/2024, 7:40:16 PM&2057;v|61,25,11,21,31,0.00,"};
7/7/2024, 7:40:26 PM&2057;v|61,25,11,21,31,0.00,"};
7/7/2024, 7:40:36 PM&2057;v|61,25,11,21,31,0.00,"};
7/7/2024, 7:40:46 PM&2057;2061;
7/7/2024, 7:40:57 PM&2057;v|61,25,10,21,30,0.00,"};
7/7/2024, 7:41:07 PM&2057;v|61,25,11,20,31,0.00,"};
7/7/2024, 7:41:17 PM&2057;2060;
7/7/2024, 7:41:27 PM&2057;2062;
7/7/2024, 7:41:37 PM&2057;v|61,25,10,21,30,0.00,"};
7/7/2024, 7:41:48 PM&2057;v|60,25,11,20,30,0.00,"};
7/7/2024, 7:41:58 PM&2057;2060;
7/7/2024, 7:42:08 PM&2057;v|60,26,11,21,30,0.00,"};
7/7/2024, 7:42:18 PM&2057;v|61,26,10,20,30,0.00,"};
7/7/2024, 7:42:33 PM&{"id": "7d80e4e0","data": "ht120;v|60,25,11,21,31,0.00,"};
7/7/2024, 7:42:35 PM&{"id": "7d80e4e0","data": "ht120;v|60,25,11,21,31,0.00,"};
7/7/2024, 7:42:45 PM&2079;v|60,26,10,20,31,0.00,"};
7/7/2024, 7:42:55 PM&2079;v|61,26,10,20,31,0.00,"};
7/7/2024, 7:43:05 PM&2079;2082;
7/7/2024, 7:43:15 PM&2079;v|60,25,10,21,31,0.00,"};
7/7/2024, 7:43:26 PM&2079;v|60,26,11,20,30,0.00,"};
7/7/2024, 7:43:32 PM&{"id": "7d80e4e0","data": "ht120;v|60,25,11,21,31,0.00,"};
7/7/2024, 7:43:34 PM&{"id": "7d80e4e0","data": "ht120;v|60,25,11,21,31,0.00,"};
7/7/2024, 7:43:44 PM&2087;v|60,26,10,20,31,0.00,"};
7/7/2024, 7:43:55 PM&2087;v|61,26,10,20,31,0.00,"};
7/7/2024, 7:44:05 PM&2087;2090;
7/7/2024, 7:44:15 PM&2087;v|60,25,10,21,31,0.00,"};
7/7/2024, 7:44:25 PM&2087;v|60,26,11,20,30,0.00,"};
7/7/2024, 7:44:36 PM&2087;v|61,26,11,21,31,0.00,"};
7/7/2024, 7:44:51 PM&{"id": "7d80e4e0","data": "ht120;v|60,25,11,21,31,0.00,";
7/7/2024, 7:45:11 PM&{"id": "7d80e4e0","data": "ht120;v|60,25,11,21,31,0.00,";
7/7/2024, 7:45:24 PM&{"id": "7d80e4e0","data": "ht120;v|60,25,11,21,31,0.00,";
7/7/2024, 7:46:17 PM&{"id": "7d80e4e0","data": "ht120;v|60,25,11,21,31,0.00,";
7/7/2024, 7:47:30 PM&{"id": "7d80e4e0","data": "ht120;v|60,25,11,21,31,0.00,"};
7/7/2024, 7:47:40 PM&2102;v|60,26,10,20,31,0.00,"};
7/7/2024, 7:47:51 PM&2102;v|61,26,10,20,31,0.00,"};
7/7/2024, 7:48:01 PM&2102;2105;
7/7/2024, 7:48:11 PM&2102;v|60,25,10,21,31,0.00,"};
7/7/2024, 7:48:21 PM&2102;v|60,26,11,20,30,0.00,"};
7/7/2024, 7:48:32 PM&2102;v|61,26,11,21,31,0.00,"};
7/7/2024, 7:48:42 PM&2102;v|60,26,11,20,31,0.00,"};
7/7/2024, 7:48:52 PM&2102;v|60,26,10,21,31,0.00,"};
7/7/2024, 7:49:03 PM&2102;v|60,25,10,20,30,0.00,"};
7/7/2024, 7:49:13 PM&2102;v|61,25,10,20,31,0.00,"};
7/7/2024, 7:49:23 PM&2102;2107;
7/7/2024, 7:49:33 PM&2102;v|61,25,11,21,31,0.00,"};
7/7/2024, 7:49:44 PM&2102;v|61,25,11,21,31,0.00,"};
7/7/2024, 7:49:54 PM&2102;v|61,25,11,21,31,0.00,"};
7/7/2024, 7:50:04 PM&2102;2106;
7/7/2024, 7:50:13 PM&{"id": "7d80e4e0","data": "ht120;v|60,25,11,21,31,0.00,"};
7/7/2024, 7:50:16 PM&{"id": "7d80e4e0","data": "ht120;v|60,25,11,21,31,0.00,"};
7/7/2024, 7:50:26 PM&2118;v|60,26,10,20,31,0.00,"};
7/7/2024, 7:50:37 PM&2118;v|61,26,10,20,31,0.00,"};
7/7/2024, 7:50:47 PM&2118;2121;
7/7/2024, 7:50:57 PM&2118;v|60,25,10,21,31,0.00,"};
7/7/2024, 7:51:08 PM&2118;v|60,26,11,20,30,0.00,"};
7/7/2024, 7:51:18 PM&2118;v|61,26,11,21,31,0.00,"};
7/7/2024, 7:51:28 PM&2118;v|60,26,11,20,31,0.00,"};
7/7/2024, 7:51:38 PM&2118;v|60,26,10,21,31,0.00,"};
7/7/2024, 7:51:49 PM&2118;v|60,25,10,20,30,0.00,"};
7/7/2024, 7:51:59 PM&2118;v|61,25,10,20,31,0.00,"};
7/7/2024, 7:52:09 PM&2118;2123;
7/7/2024, 7:52:19 PM&2118;v|61,25,11,21,31,0.00,"};
7/7/2024, 7:52:30 PM&2118;v|61,25,11,21,31,0.00,"};
7/7/2024, 7:52:40 PM&2118;v|61,25,11,21,31,0.00,"};
7/7/2024, 7:52:50 PM&2118;2122;
7/7/2024, 7:53:01 PM&2118;v|61,25,10,21,30,0.00,"};
7/7/2024, 7:53:11 PM&2118;v|61,25,11,20,31,0.00,"};
7/7/2024, 7:53:21 PM&2118;2121;
7/7/2024, 7:53:31 PM&2118;2123;
7/7/2024, 7:53:42 PM&2118;v|61,25,10,21,30,0.00,"};
7/7/2024, 7:53:54 PM&{"id": "7d80e4e0","data": "ht120;v|60,25,11,21,31,0.00,"};
7/7/2024, 7:53:56 PM&{"id": "7d80e4e0","data": "ht120;v|60,25,11,21,31,0.00,"};
7/7/2024, 7:54:06 PM&2137;v|60,26,10,20,31,0.00,"};
7/7/2024, 7:54:16 PM&2137;v|61,26,10,20,31,0.00,"};
7/7/2024, 7:54:26 PM&2137;2140;
7/7/2024, 7:54:36 PM&2137;v|60,25,10,21,31,0.00,"};
7/7/2024, 7:54:46 PM&2137;v|60,26,11,20,30,0.00,"};
7/7/2024, 7:54:56 PM&2137;v|61,26,11,21,31,0.00,"};
7/7/2024, 7:55:06 PM&2137;v|60,26,11,20,31,0.00,"};
7/7/2024, 7:55:16 PM&2137;v|60,26,10,21,31,0.00,"};
7/7/2024, 7:55:26 PM&2137;v|60,25,10,20,30,0.00,"};
7/7/2024, 7:55:36 PM&2137;v|61,25,10,20,31,0.00,"};
7/7/2024, 7:55:46 PM&2137;2142;
7/7/2024, 7:55:56 PM&2137;v|61,25,11,21,31,0.00,"};
7/7/2024, 7:56:06 PM&2137;v|61,25,11,21,31,0.00,"};
7/7/2024, 7:56:16 PM&2137;v|61,25,11,21,31,0.00,"};
7/7/2024, 7:56:26 PM&2137;2141;
7/7/2024, 7:56:37 PM&{"id": "7d80e4e0","data": "ht120;v|60,25,11,21,31,0.00,"};
7/7/2024, 7:57:22 PM&{"id": "7d80e4e0","data": "ht120;v|60,25,11,21,31,0.00,"};
7/7/2024, 8:02:25 PM&2153;v|60,26,10,20,31,0.00,"};
2024-07-07T13:07:11.741Z&{"id": "7d80e4e0","data": "ht120;v|60,25,11,21,31,0.00,"};
2024-07-07T20:16:48+07:00Z&{"id": "7d80e4e0","data": "ht120;v|60,25,11,21,31,0.00,"};
2024-07-07T20:18:00.404+07:00Z&{"id": "7d80e4e0","data": "ht120;v|60,25,11,21,31,0.00,"};
2024-07-07T20:19:04.145+07:00Z&{"id": "7d80e4e0","data": "ht120;v|60,25,11,21,31,0.00,"};
2024-07-07T20:19:15.919+07:00Z&{"id": "7d80e4e0","data": "ht120;v|60,25,11,21,31,0.00,"};
2024-07-07T20:20:18.125+07:00Z&{"id": "7d80e4e0","data": "ht120;v|60,25,11,21,31,0.00,"};
2024-07-07T20:25:21.120+07:00Z&2166;v|60,26,10,20,31,0.00,"};
2024-07-07T20:30:24.279+07:00Z&2166;v|61,26,10,20,31,0.00,"};
2024-07-07T20:35:27.340+07:00Z&2166;2169;
2024-07-07T20:40:30.594+07:00Z&2166;v|60,25,10,21,31,0.00,"};
2024-07-07T20:45:33.750+07:00Z&2166;v|60,26,11,20,30,0.00,"};
2024-07-07T20:50:36.902+07:00Z&2166;v|61,26,11,21,31,0.00,"};
2024-07-07T20:55:40.065+07:00Z&2166;v|60,26,11,20,31,0.00,"};
2024-07-07T21:00:43.243+07:00Z&2166;v|60,26,10,21,31,0.00,"};
2024-07-07T21:05:46.359+07:00Z&2166;v|60,25,10,20,30,0.00,"};
2024-07-07T21:10:49.533+07:00Z&2166;v|61,25,10,20,31,0.00,"};
2024-07-07T21:15:52.599+07:00Z&2166;2171;
2024-07-07T21:20:55.847+07:00Z&2166;v|61,25,11,21,31,0.00,"};
2024-07-07T21:25:59.000+07:00Z&2166;v|61,25,11,21,31,0.00,"};
2024-07-07T21:31:02.161+07:00Z&2166;v|61,25,11,21,31,0.00,"};
2024-07-07T21:36:05.269+07:00Z&2166;2170;
2024-07-07T21:41:08.477+07:00Z&2166;v|61,25,10,21,30,0.00,"};
2024-07-07T21:46:11.624+07:00Z&2166;v|61,25,11,20,31,0.00,"};
2024-07-07T21:51:14.677+07:00Z&2166;2169;
2024-07-07T21:56:17.836+07:00Z&2166;2171;
2024-07-07T22:01:21.073+07:00Z&2166;v|61,25,10,21,30,0.00,"};
2024-07-07T22:06:24.228+07:00Z&2166;v|60,25,11,20,30,0.00,"};
2024-07-07T22:11:27.284+07:00Z&2166;2169;
2024-07-07T22:16:30.539+07:00Z&2166;v|60,26,11,21,30,0.00,"};
2024-07-07T22:21:33.695+07:00Z&2166;v|61,26,10,20,30,0.00,"};
2024-07-07T22:26:36.744+07:00Z&2166;2168;
2024-07-07T22:31:39.999+07:00Z&2166;v|61,25,11,20,31,0.00,"};
2024-07-07T22:36:43.170+07:00Z&2166;v|60,25,11,20,30,0.00,"};
2024-07-07T22:41:46.316+07:00Z&2166;v|61,25,10,20,30,0.00,"};
2024-07-07T22:46:49.488+07:00Z&2166;v|61,26,10,20,30,0.00,"};
2024-07-07T22:51:52.647+07:00Z&2166;v|61,26,11,21,30,0.00,"};
2024-07-07T22:56:55.697+07:00Z&2166;2170;
2024-07-07T23:01:58.842+07:00Z&2166;2167;
2024-07-07T23:07:02.008+07:00Z&2166;2171;
2024-07-07T23:12:05.256+07:00Z&2166;v|61,26,10,21,31,0.00,"};
2024-07-07T23:17:08.295+07:00Z&2166;2167;
2024-07-07T23:22:11.570+07:00Z&2166;v|61,26,10,21,31,0.00,"};
2024-07-07T23:27:14.613+07:00Z&2166;2173;
